City Name,Country,Lat,Lng,temp,max_temp,clouds,humidity,wind_speed
Longyearbyen,SJ,78.22317220000001,15.6267229,23,23,40,73,13.87
Geresk,AF,31.8299494,64.5681086,,,,,
Pevek,RU,69.692947,170.399612,25.57,25.57,88,86,15.46
Ushuaia,AR,-54.8019121,-68.3029511,33.8,33.8,75,100,24.16
Hobart,AU,41.5322592,-87.2550353,59,59,0,77,6.93
Mungwi,ZM,-10.1683268,31.3484448,78.98,78.98,88,30,7.4
Cape Town,ZA,-33.9248685,18.4240553,60.8,60.8,20,87,10.29
Kruisfontein,ZA,-33.9843356,24.732102,60.94,60.94,0,87,7.96
Itaituba,BR,-4.2670701,-55.99311729999999,93.2,93.2,20,49,5.82
Barentsburg,SJ,78.0648475,14.2334597,,,,,
Port Alfred,ZA,-33.5864065,26.8851448,62.47,62.47,0,88,6.17
Cape Town,ZA,-33.9248685,18.4240553,60.8,60.8,20,87,10.29
Waddan,LY,29.1560917,16.1463317,48.11,48.11,8,67,3.15
Busselton,AU,-33.6554927,115.3500188,61.12,61.12,76,100,10.87
Boa Vista,BR,16.0950108,-22.8078335,96.8,96.8,40,34,9.17
Upernavik,GL,72.7862882,-56.1375527,8.65,8.65,0,100,13.78
Nanortalik,GL,60.1424955,-45.2394951,28.58,28.58,24,98,31.12
Norman Wells,CA,65.28149379999999,-126.8286524,-5.81,-5.81,90,76,8.05
Jamestown,SH,37.2082678,-76.77408969999999,68.05,68.05,64,100,15.79
Constitucion,MX,-33.6022037,-61.0471355,,,,,
Amlame,TG,7.456151199999999,0.9032768999999999,77.14,77.14,24,87,3.94
Punta Arenas,CL,-53.1638329,-70.9170683,41.32,41.32,36,99,36.04
Celestun,MX,20.8593042,-90.3972052,78.26,78.26,0,100,5.95
Bambous Virieux,MU,-20.3438619,57.7636821,77,77,75,83,5.82
Khonuu,RU,66.455612,143.2225799,,,,,
Tuktoyaktuk,CA,69.445358,-133.034181,3.2,3.2,90,84,9.17
Dunedin,NZ,-45.8787605,170.5027976,40.01,40.01,0,89,3.38
Shenjiamen,CN,30.00955429999999,122.1155941,56.39,56.39,56,100,20.15
Ushuaia,AR,-54.8019121,-68.3029511,33.8,33.8,75,100,24.16
Ribeira Grande,PT,37.8210369,-25.5148137,68,68,75,94,4.7
Taolanaro,MG,-25.0225309,46.9853688,,,,,
Bend,US,44.0581728,-121.3153096,41.92,42.8,1,44,6.93
Taolanaro,MG,-25.0225309,46.9853688,,,,,
Arraial Do Cabo,BR,-22.9657374,-42.02798689999999,83.28,84.2,40,70,27.51
Busselton,AU,-33.6554927,115.3500188,61.12,61.12,76,100,10.87
Diamantino,BR,-14.4040989,-56.4370932,82.58,82.58,92,78,8.3
Atuona,PF,-9.803279999999999,-139.0425741,79.25,79.25,80,100,15.68
Bambous Virieux,MU,-20.3438619,57.7636821,77,77,75,83,5.82
Hobart,AU,41.5322592,-87.2550353,59,59,0,77,6.93
Iqaluit,CA,63.74669300000001,-68.5169669,12.2,12.2,75,66,12.75
Taolanaro,MG,-25.0225309,46.9853688,,,,,
Pisco,PE,-13.7134562,-76.1841701,68,68,0,77,11.41
Constitucion,MX,-33.6022037,-61.0471355,,,,,
Conakry,GN,9.641185499999999,-13.5784012,82.4,82.4,75,74,6.96
Pevek,RU,69.692947,170.399612,25.57,25.57,88,86,15.46
Hilo,US,19.7070942,-155.0884869,73.4,73.4,1,69,4.61
Mataura,PF,-46.1934288,168.8660155,,,,,
Faanui,PF,-16.5004126,-151.7414904,78.22,78.22,80,100,18.7
Busselton,AU,-33.6554927,115.3500188,61.12,61.12,76,100,10.87
Sauk Rapids,US,45.5919097,-94.16610109999999,30.4,33.8,1,55,13.87
Colesberg,ZA,-30.6913265,25.0703229,60.08,60.08,0,21,5.95
Upernavik,GL,72.7862882,-56.1375527,8.65,8.65,0,100,13.78
Albany,AU,42.6525793,-73.7562317,60.71,60.71,68,91,4.16
Port Hardy,CA,50.7123867,-127.460393,44.6,44.6,90,87,20.8
Kapaa,US,22.0881391,-159.3379818,74.5,77,1,78,4.7
Yellowknife,CA,62.4539717,-114.3717887,-7.61,-7.61,75,76,10.29
Punta Arenas,CL,-53.1638329,-70.9170683,41.32,41.32,36,99,36.04
Kodiak,US,57.79000000000001,-152.4072221,30.2,30.2,1,74,6.93
Okha,RU,22.4649185,69.0701995,22.19,22.19,76,99,24.63
Cam Pha,VN,21.0694762,107.3139304,,,,,
Chuy,UY,30.2177297,-97.84151179999999,61.57,61.57,64,80,22.84
Mtsensk,RU,53.2889377,36.5801449,33.22,33.22,92,97,8.86
Maltahohe,NA,-24.8380587,16.9801346,74.8,74.8,0,10,10.65
Port Alfred,ZA,-33.5864065,26.8851448,62.47,62.47,0,88,6.17
Vaitape,PF,-16.5062723,-151.7495305,77.81,77.81,68,100,19.6
Portland,AU,45.5230622,-122.6764815,60.89,60.89,0,99,6.51
Sitka,US,57.0530556,-135.33,33.28,37.4,90,93,4.7
Bambanglipuro,ID,-7.9481229,110.3130087,74.35,74.35,88,96,2.48
Hobart,AU,41.5322592,-87.2550353,59,59,0,77,6.93
Kapaa,US,22.0881391,-159.3379818,74.5,77,1,78,4.7
Grand River South East,MU,-20.2888094,57.78141199999999,,,,,
Coihaique,CL,-45.5712254,-72.068265,52.25,52.25,0,59,9.42
Bambous Virieux,MU,-20.3438619,57.7636821,77,77,75,83,5.82
Arraial Do Cabo,BR,-22.9657374,-42.02798689999999,83.28,84.2,40,70,27.51
Saint-Francois,GP,16.2542635,-61.283115,86,86,92,66,13.87
Bredasdorp,ZA,-34.5385222,20.0568771,62.6,62.6,0,67,13.87
Rio Cuarto,AR,-33.1231585,-64.3493441,69.8,69.8,0,28,6.93
High Prairie,CA,55.4338723,-116.4877047,26.02,26.02,92,72,6.62
Tasiilaq,GL,65.6134561,-37.6335696,15.8,15.8,20,56,4.7
Cherskiy,RU,68.742677,161.3507839,13.01,13.01,92,88,5.39
Jutai,BR,-4.4008685,-68.52471489999999,92.48,92.48,20,58,4.05
Laguna,BR,-28.4748354,-48.7837539,73.08,73.08,76,91,2.93
Kavaratti,IN,10.5593204,72.63581340000002,83.57,83.57,0,100,3.15
Tshikapa,CD,-6.4237489,20.7956878,71.69,71.69,80,96,2.15
Mahebourg,MU,-20.4059505,57.7034222,77,77,75,83,5.82
Busselton,AU,-33.6554927,115.3500188,61.12,61.12,76,100,10.87
Praia Da Vitoria,PT,38.7339162,-27.0646976,68,68,75,94,16.58
Punta Arenas,CL,-53.1638329,-70.9170683,41.32,41.32,36,99,36.04
Xuanhua,CN,40.608793,115.099494,17.69,17.69,0,39,4.94
Hokitika,NZ,-42.7173686,170.9665427,53.92,53.92,32,100,3.38
Marawi,SD,8.0106213,124.297718,78.44,78.44,0,36,7.63
Seoul,KR,37.566535,126.9779692,23.38,26.6,1,85,4.72
Notre-Dame-Du-Lac,CA,47.6134613,-68.8002286,,,,,
Sabla,BG,37.565713,-122.328818,,,,,
Airai,PW,7.396611799999999,134.5690225,,,,,
Yellowknife,CA,62.4539717,-114.3717887,-7.61,-7.61,75,76,10.29
Belushya Guba,RU,71.54555599999999,52.32027799999999,,,,,
Nikolskoye,RU,55.1981604,166.0015368,,,,,
Jamestown,SH,37.2082678,-76.77408969999999,68.05,68.05,64,100,15.79
Bethel,US,41.3712283,-73.41396209999999,47.19,53.6,90,61,9.17
Mataura,PF,-46.1934288,168.8660155,,,,,
East London,ZA,-33.0291582,27.8545867,60.8,60.8,0,72,4.7
Hobart,AU,41.5322592,-87.2550353,59,59,0,77,6.93
Taoudenni,ML,22.6764132,-3.9789143,71.24,71.24,0,13,8.41
Aguililla,MX,18.7371188,-102.7853522,81.64,81.64,0,55,1.7
Cape Town,ZA,-33.9248685,18.4240553,60.8,60.8,20,87,10.29
Urengoy,RU,65.957138,78.34486400000002,-3.02,-3.02,48,75,9.19
Rikitea,PF,-23.119901,-134.9702654,73,73,48,100,18.59
Vila Franca Do Campo,PT,37.7157269,-25.4345063,66.2,66.2,40,82,5.82
Georgetown,SH,38.9076089,-77.07225849999999,77,77,20,65,17.22
Honningsvag,NO,70.9822909,25.9702075,32.27,32.27,20,100,8.75
Puerto Ayora,EC,-0.7432918,-90.3156893,78.8,78.8,20,50,16.11
Hermanus,ZA,-34.4092004,19.2504436,63.23,63.23,0,59,3.71
Taolanaro,MG,-25.0225309,46.9853688,,,,,
Vanimo,PG,-2.6896767,141.2998457,83.03,83.03,76,100,15.46
Dhidhdhoo,MV,6.888643999999999,73.113569,81.32,81.32,12,100,0.81
Smirnykh,RU,49.7567238,142.8481098,12.56,12.56,24,76,15.01
Busselton,AU,-33.6554927,115.3500188,61.12,61.12,76,100,10.87
Dosso,NE,13.0504833,3.2080991,87.26,87.26,24,53,1.81
Tuysarkan,IR,34.5497961,48.4537424,,,,,
Shimanovsk,RU,51.9969781,127.6855884,-14.63,-14.63,0,64,5.61
Ponta Do Sol,CV,32.6854883,-17.0864266,76.69,76.69,0,100,14.34
Itarema,BR,-2.9209642,-39.91673979999999,,,,,
Pacific Grove,US,36.6177374,-121.9166215,58.93,62.6,1,48,5.82
Barrow,US,71.29055559999999,-156.788611,12.2,12.2,90,78,5.61
San Pedro,AR,33.7360619,-118.2922461,62.6,62.6,90,45,17.22
Port Alfred,ZA,-33.5864065,26.8851448,62.47,62.47,0,88,6.17
Pahrump,US,36.2082943,-115.9839147,52.05,55.4,1,17,6.93
Rikitea,PF,-23.119901,-134.9702654,73,73,48,100,18.59
Barrow,US,71.29055559999999,-156.788611,12.2,12.2,90,78,5.61
Ponta Do Sol,CV,32.6854883,-17.0864266,76.69,76.69,0,100,14.34
Yinchuan,CN,38.487193,106.230908,19.76,19.76,56,47,4.38
New Norfolk,AU,-42.7828332,147.0593848,59,59,0,77,6.93
Burica,PA,4.7228907,-74.1151981,,,,,
Teya,RU,60.377472,92.651665,13.15,13.15,92,80,3.71
Arraial Do Cabo,BR,-22.9657374,-42.02798689999999,83.28,84.2,40,70,27.51
East London,ZA,-33.0291582,27.8545867,60.8,60.8,0,72,4.7
Ushuaia,AR,-54.8019121,-68.3029511,33.8,33.8,75,100,24.16
Lebu,CL,-37.6097143,-73.6483294,55.49,55.49,0,98,19.26
Victoria,SC,28.8052674,-97.0035982,75.2,75.2,75,94,6.93
Novoilinsk,RU,51.68801149999999,108.7104532,,,,,
Muromtsevo,RU,55.9318834,40.9077578,25.25,25.25,76,88,9.64
Torata,PE,-17.0759571,-70.8432115,60.89,60.89,0,33,3.15
Xai-Xai,MZ,-25.060476,33.6958809,75.2,75.2,0,89,14.23
Umm Kaddadah,SD,9.944434,30.500191,73.76,73.76,0,30,3.15
Turiacu,BR,-1.6689743,-45.3687326,85.91,85.91,76,61,10.65
Punta Arenas,CL,-53.1638329,-70.9170683,41.32,41.32,36,99,36.04
Cockburn Town,TC,21.4674584,-71.13891009999999,78.85,78.85,36,100,19.37
Mayo,CA,53.93458099999999,-9.351645600000001,-25.61,-25.61,20,74,2.59
Pallasovka,RU,50.0429768,46.88867219999999,30.65,30.65,24,89,9.75
Camacha,PT,32.679852,-16.8502879,67.21,68,20,68,5.82
Kapaa,US,22.0881391,-159.3379818,74.5,77,1,78,4.7
North Bend,US,47.4956579,-121.7867775,46.4,46.4,1,75,6.93
Kuching,MY,1.6076812,110.3785438,75.2,75.2,75,94,2.24
Thompson,CA,33.6454798,-117.6413112,10.4,10.4,90,66,17.22
Taolanaro,MG,-25.0225309,46.9853688,,,,,
Bluff,NZ,-29.9218618,31.0048384,50.63,50.63,0,100,9.98
Deputatskiy,RU,69.30260299999999,139.9583829,-12.38,-12.38,64,74,2.93
Port Elizabeth,ZA,-33.7139247,25.5207358,59,59,0,82,3.36
Cabo San Lucas,MX,22.8905327,-109.9167371,91.47,93.2,5,21,4.7
Portland,AU,45.5230622,-122.6764815,60.89,60.89,0,99,6.51
Nizhneyansk,RU,71.450058,136.1122279,,,,,
Caravelas,BR,-17.6793494,-39.6105142,77.72,77.72,0,100,11.65
Hilo,US,19.7070942,-155.0884869,73.4,73.4,1,69,4.61
Palabuhanratu,ID,-6.9852341,106.5475399,,,,,
Port Elizabeth,ZA,-33.7139247,25.5207358,59,59,0,82,3.36
Westport,IE,41.1414717,-73.3579049,42.8,42.8,75,100,3.36
Kodiak,US,57.79000000000001,-152.4072221,30.2,30.2,1,74,6.93
Castro,CL,34.4985047,-102.3463875,51.35,51.35,92,100,8.97
Jamestown,SH,37.2082678,-76.77408969999999,68.05,68.05,64,100,15.79
Hermanus,ZA,-34.4092004,19.2504436,63.23,63.23,0,59,3.71
Tiksi,RU,71.6374819,128.8644717,9.23,9.23,64,84,7.74
Cidreira,BR,-30.1768543,-50.2089307,75.02,75.02,88,79,10.2
Illoqqortoormiut,GL,70.48556909999999,-21.9628757,,,,,
Vaini,TO,-21.1935,-175.1751534,78.8,78.8,75,94,2.24
Khonuu,RU,66.455612,143.2225799,,,,,
Busselton,AU,-33.6554927,115.3500188,61.12,61.12,76,100,10.87
Heilbron,ZA,-27.2819782,27.9834738,60.26,60.26,24,49,7.18
Rikitea,PF,-23.119901,-134.9702654,73,73,48,100,18.59
Illoqqortoormiut,GL,70.48556909999999,-21.9628757,,,,,
Sentyabrskiy,RU,60.493056,72.19638909999999,,,,,
Flinders,AU,-38.474,145.022,53.6,53.6,48,100,4.7
Ribeira Grande,PT,37.8210369,-25.5148137,68,68,75,94,4.7
Albany,AU,42.6525793,-73.7562317,60.71,60.71,68,91,4.16
Cherskiy,RU,68.742677,161.3507839,13.01,13.01,92,88,5.39
Nizhneyansk,RU,71.450058,136.1122279,,,,,
Busselton,AU,-33.6554927,115.3500188,61.12,61.12,76,100,10.87
Talnakh,RU,69.5,88.39999999999999,-16.25,-16.25,36,95,3.15
Avarua,CK,-21.2129007,-159.7823059,78.8,78.8,40,78,11.41
Ribeira Grande,PT,37.8210369,-25.5148137,68,68,75,94,4.7
Puerto Ayora,EC,-0.7432918,-90.3156893,78.8,78.8,20,50,16.11
Khatanga,RU,71.964027,102.4406129,-6.53,-6.53,24,60,11.32
Kapaa,US,22.0881391,-159.3379818,74.5,77,1,78,4.7
New Norfolk,AU,-42.7828332,147.0593848,59,59,0,77,6.93
Tuatapere,NZ,-46.1357909,167.6892231,46.27,46.27,80,100,4.61
New Norfolk,AU,-42.7828332,147.0593848,59,59,0,77,6.93
Saint George,BM,37.0965278,-113.5684164,69.8,69.8,20,49,11.41
Mar Del Plata,AR,-38.0054771,-57.5426106,59,59,40,51,16.11
Avarua,CK,-21.2129007,-159.7823059,78.8,78.8,40,78,11.41
Vanavara,RU,60.3394104,102.2965426,-12.69,-12.69,76,78,3.15
Comodoro Rivadavia,AR,-45.8656149,-67.4822429,71.6,71.6,75,37,14.99
Taolanaro,MG,-25.0225309,46.9853688,,,,,
Vanimo,PG,-2.6896767,141.2998457,83.03,83.03,76,100,15.46
Taolanaro,MG,-25.0225309,46.9853688,,,,,
Venado Tuerto,AR,-33.7455566,-61.9690161,71.15,71.15,0,32,17.81
Longyearbyen,SJ,78.22317220000001,15.6267229,23,23,40,73,13.87
Vaini,TO,-21.1935,-175.1751534,78.8,78.8,75,94,2.24
Longyearbyen,SJ,78.22317220000001,15.6267229,23,23,40,73,13.87
Jamestown,SH,37.2082678,-76.77408969999999,68.05,68.05,64,100,15.79
Aklavik,CA,68.219916,-135.0077881,3.97,5,90,84,4.7
Tiksi,RU,71.6374819,128.8644717,9.23,9.23,64,84,7.74
Atuona,PF,-9.803279999999999,-139.0425741,79.25,79.25,80,100,15.68
Illoqqortoormiut,GL,70.48556909999999,-21.9628757,,,,,
Taoudenni,ML,22.6764132,-3.9789143,71.24,71.24,0,13,8.41
Marcona,PE,-15.3439659,-75.0844757,,,,,
Bredasdorp,ZA,-34.5385222,20.0568771,62.6,62.6,0,67,13.87
Dolni Dabnik,BG,43.408835,24.442316,,,,,
Asau,TV,46.4399466,26.400959,,,,,
Ancud,CL,-41.8675003,-73.8276965,52.52,52.52,92,100,9.19
Bengkulu,ID,-3.5778471,102.3463875,78.62,78.62,76,100,6.85
Singaraja,ID,-8.1149145,115.0916254,78.8,78.8,40,88,3.36
Vetapalem,IN,15.785336,80.3073826,80.24,80.24,8,99,5.95
Ishigaki,JP,24.3406606,124.1555804,73.27,73.27,64,100,30.33
Puerto Escondido,MX,15.8719795,-97.0767365,82.4,82.4,0,100,3.38
Butaritari,KI,3.1166667,172.8,83.44,83.44,0,100,1.14
Rikitea,PF,-23.119901,-134.9702654,73,73,48,100,18.59
Grindavik,IS,63.8441808,-22.4383818,27.97,30.2,75,92,5.82
Asosa,ET,10.0619827,34.5473005,70.16,70.16,12,61,4.61
Qaanaaq,GL,77.4670434,-69.2284827,-3.02,-3.02,32,100,10.76
Bundaberg,AU,-24.8669736,152.3509714,71.33,71.33,80,100,11.99
Beyneu,KZ,45.3222362,55.181848,23.27,23.27,0,82,7.4
Zarichne,UA,51.81818939999999,26.1255724,34.25,34.25,80,99,6.62
Puerto Escondido,MX,15.8719795,-97.0767365,82.4,82.4,0,100,3.38
Kodiak,US,57.79000000000001,-152.4072221,30.2,30.2,1,74,6.93
Ushuaia,AR,-54.8019121,-68.3029511,33.8,33.8,75,100,24.16
Jiwani,PK,25.0472733,61.74587589999999,66.79,66.79,0,61,11.1
Port Alfred,ZA,-33.5864065,26.8851448,62.47,62.47,0,88,6.17
Jamestown,SH,37.2082678,-76.77408969999999,68.05,68.05,64,100,15.79
Norman Wells,CA,65.28149379999999,-126.8286524,-5.81,-5.81,90,76,8.05
Jinchang,CN,38.520089,102.188043,17.47,17.47,64,74,5.61
Punta Arenas,CL,-53.1638329,-70.9170683,41.32,41.32,36,99,36.04
Kashi,CN,25.3176452,82.9739144,35.6,35.6,0,47,11.18
Zarzal,CO,4.394865000000001,-76.07285399999999,79.65,80.6,40,61,2.59
Kaitangata,NZ,-46.28334,169.8470967,,,,,
Barentsburg,SJ,78.0648475,14.2334597,,,,,
Iqaluit,CA,63.74669300000001,-68.5169669,12.2,12.2,75,66,12.75
Clyde River,CA,70.47636500000002,-68.60126509999999,-18.41,-18.41,40,82,2.24
Heubach,DE,48.7932273,9.931607,37.92,39.2,75,89,5.82
Cape Town,ZA,-33.9248685,18.4240553,60.8,60.8,20,87,10.29
Iqaluit,CA,63.74669300000001,-68.5169669,12.2,12.2,75,66,12.75
Ancud,CL,-41.8675003,-73.8276965,52.52,52.52,92,100,9.19
Upernavik,GL,72.7862882,-56.1375527,8.65,8.65,0,100,13.78
Ushuaia,AR,-54.8019121,-68.3029511,33.8,33.8,75,100,24.16
Busselton,AU,-33.6554927,115.3500188,61.12,61.12,76,100,10.87
Fortuna,US,40.5981867,-124.1572756,51.15,53.6,1,70,9.17
New Norfolk,AU,-42.7828332,147.0593848,59,59,0,77,6.93
Louisbourg,CA,45.89219019999999,-59.9855516,,,,,
Adrar,DZ,27.9716342,-0.1869644,64.4,64.4,0,25,9.17
Mabaruma,GY,8.2041293,-59.7775773,88.25,88.25,24,67,8.97
Yabrud,SY,33.9717649,36.6579649,60.8,60.8,0,29,6.93
Yeniseysk,RU,58.45010000000001,92.1867687,25.38,25.38,92,97,4.94
Tumannyy,RU,68.878911,35.6675264,,,,,
Conceicao Do Araguaia,BR,-8.1774335,-49.4466005,91.27,91.27,20,64,4.38
Hithadhoo,MV,-0.6060574,73.0892245,82.85,82.85,56,100,9.86
Rikitea,PF,-23.119901,-134.9702654,73,73,48,100,18.59
Vaini,TO,-21.1935,-175.1751534,78.8,78.8,75,94,2.24
Illoqqortoormiut,GL,70.48556909999999,-21.9628757,,,,,
Buraydah,SA,26.3592309,43.98181200000001,71.6,71.6,40,33,5.82
Kargasok,RU,59.0535405,80.8770602,29.48,29.48,88,94,5.17
Saskylakh,RU,71.954308,114.1198349,-2.3,-2.3,56,72,7.74
Mount Gambier,AU,-37.8284212,140.7803529,57.47,57.47,0,87,3.38
Norman Wells,CA,65.28149379999999,-126.8286524,-5.81,-5.81,90,76,8.05
Jamestown,SH,37.2082678,-76.77408969999999,68.05,68.05,64,100,15.79
Vaini,TO,-21.1935,-175.1751534,78.8,78.8,75,94,2.24
Amapa,BR,0.9019925,-52.0029565,,,,,
Quballat,TN,36.542694,9.664763599999999,57.2,57.2,20,71,6.93
Thompson,CA,33.6454798,-117.6413112,10.4,10.4,90,66,17.22
Bethel,US,41.3712283,-73.41396209999999,47.19,53.6,90,61,9.17
Punta Arenas,CL,-53.1638329,-70.9170683,41.32,41.32,36,99,36.04
Kawalu,ID,-7.410349200000001,108.2021667,66.07,66.07,76,98,1.14
Jamestown,SH,37.2082678,-76.77408969999999,68.05,68.05,64,100,15.79
Esperance,AU,-33.8608027,121.8896205,59.77,59.77,8,98,3.27
Aykhal,RU,65.94171899999999,111.4881131,-14.49,-14.49,56,62,2.93
Ballina,AU,-28.8379654,153.5629067,68.77,68.77,92,100,12.88
Cidreira,BR,-30.1768543,-50.2089307,75.02,75.02,88,79,10.2
Henties Bay,NA,-22.1134964,14.2832038,,,,,
Grand Gaube,MU,-20.014212,57.6694082,77,77,75,83,5.82
Lorengau,PG,-2.0349854,147.279039,83.62,83.62,32,100,6.96
Prabumulih,ID,-3.4213707,104.2436833,,,,,
Sinnamary,GF,5.3746712,-52.9545991,83.8,83.8,0,87,10.2
Ponta Do Sol,CV,32.6854883,-17.0864266,76.69,76.69,0,100,14.34
Avarua,CK,-21.2129007,-159.7823059,78.8,78.8,40,78,11.41
Albany,AU,42.6525793,-73.7562317,60.71,60.71,68,91,4.16
Rafai,CF,4.9801882,23.941751,69.04,69.04,76,100,2.59
Ilulissat,GL,69.2198118,-51.0986031,-5.81,-5.81,20,53,3.36
Mataura,PF,-46.1934288,168.8660155,,,,,
Puerto Escondido,MX,15.8719795,-97.0767365,82.4,82.4,0,100,3.38
Seymchan,RU,62.930833,152.385,-21.73,-21.73,20,100,2.59
Diffa,NE,13.3132472,12.6158803,82.94,82.94,0,27,6.73
Gornoye Loo,RU,43.7166783,39.6074848,50,50,20,81,3.38
Hermanus,ZA,-34.4092004,19.2504436,63.23,63.23,0,59,3.71
Clyde River,CA,70.47636500000002,-68.60126509999999,-18.41,-18.41,40,82,2.24
Madimba,TZ,-4.9846384,15.133205,78.8,78.8,20,83,11.41
Vao,NC,58.9387999,25.9720999,70.16,70.16,88,100,11.21
Beira,MZ,-19.7963816,34.8844867,75.2,75.2,75,78,5.82
Bayan,KW,53.3005702,-6.1854106,62.6,62.6,0,72,8.3
Birao,CF,10.2933091,22.7822485,84.11,84.11,56,44,3.6
Moron,MN,39.5249615,-111.5904725,-5.67,-5.67,12,50,6.85
Tabiauea,KI,0.9182079999999999,173.027965,,,,,
Batagay,RU,67.66251299999999,134.65435,-20.66,-20.66,76,59,4.16
Norman Wells,CA,65.28149379999999,-126.8286524,-5.81,-5.81,90,76,8.05
Paucartambo,PE,-10.7599544,-75.737149,,,,,
Kez,RU,57.903389,53.715125,30.79,30.79,76,88,14.9
Port Alfred,ZA,-33.5864065,26.8851448,62.47,62.47,0,88,6.17
Airai,PW,7.396611799999999,134.5690225,,,,,
Inegol,TR,40.0800822,29.5096969,,,,,
East London,ZA,-33.0291582,27.8545867,60.8,60.8,0,72,4.7
Kapaa,US,22.0881391,-159.3379818,74.5,77,1,78,4.7
Atuona,PF,-9.803279999999999,-139.0425741,79.25,79.25,80,100,15.68
Merritt Island,US,28.3180688,-80.6659842,78.8,80.6,1,47,3.36
Bambous Virieux,MU,-20.3438619,57.7636821,77,77,75,83,5.82
Berlevag,NO,70.7198284,29.0300862,33.04,33.04,92,100,7.52
North Shore,NZ,49.3199816,-123.0724139,55.4,55.4,92,87,9.17
Nikolskoye,RU,55.1981604,166.0015368,,,,,
Pozo Colorado,PY,-23.4954946,-58.7931723,,,,,
Mvuma,ZW,-19.2773694,30.525031,62.24,62.24,88,95,5.73
Atuona,PF,-9.803279999999999,-139.0425741,79.25,79.25,80,100,15.68
Albany,AU,42.6525793,-73.7562317,60.71,60.71,68,91,4.16
Taolanaro,MG,-25.0225309,46.9853688,,,,,
Mataura,PF,-46.1934288,168.8660155,,,,,
Butaritari,KI,3.1166667,172.8,83.44,83.44,0,100,1.14
Rikitea,PF,-23.119901,-134.9702654,73,73,48,100,18.59
Lagoa,PT,37.1356176,-8.4514359,68,68,24,97,18.81
Jamestown,SH,37.2082678,-76.77408969999999,68.05,68.05,64,100,15.79
Severo-Kurilsk,RU,50.66808,156.1138803,37.13,37.13,92,100,34.92
Rikitea,PF,-23.119901,-134.9702654,73,73,48,100,18.59
San Patricio,MX,27.9999695,-97.5247243,87.8,87.8,40,66,11.41
Saint George,BM,37.0965278,-113.5684164,69.8,69.8,20,49,11.41
Moose Factory,CA,51.262486,-80.59296499999999,,,,,
Rikitea,PF,-23.119901,-134.9702654,73,73,48,100,18.59
Cape Town,ZA,-33.9248685,18.4240553,60.8,60.8,20,87,10.29
Hilo,US,19.7070942,-155.0884869,73.4,73.4,1,69,4.61
Albany,AU,42.6525793,-73.7562317,60.71,60.71,68,91,4.16
Ushuaia,AR,-54.8019121,-68.3029511,33.8,33.8,75,100,24.16
Northam,AU,-31.6525301,116.6654836,57.2,57.2,0,87,2.24
Aldan,RU,39.9215013,-75.2879631,-16.25,-16.25,44,68,2.59
Bluff,NZ,-29.9218618,31.0048384,50.63,50.63,0,100,9.98
Puerto Ayora,EC,-0.7432918,-90.3156893,78.8,78.8,20,50,16.11
Mataura,PF,-46.1934288,168.8660155,,,,,
Sitka,US,57.0530556,-135.33,33.28,37.4,90,93,4.7
Vaini,TO,-21.1935,-175.1751534,78.8,78.8,75,94,2.24
Tasiilaq,GL,65.6134561,-37.6335696,15.8,15.8,20,56,4.7
East London,ZA,-33.0291582,27.8545867,60.8,60.8,0,72,4.7
Husavik,IS,66.0449706,-17.3383442,19.4,19.4,40,85,4.7
Vostok,RU,46.4467186,135.825196,-6.84,-6.84,24,70,3.71
Touros,BR,-5.1961669,-35.4635381,84.7,84.7,0,65,14.79
Lardos,GR,36.0941745,28.0162191,59,59,40,87,2.24
Georgiyevskoye,RU,44.1626242,39.2497974,32.99,32.99,88,88,8.75
Mar Del Plata,AR,-38.0054771,-57.5426106,59,59,40,51,16.11
Ushuaia,AR,-54.8019121,-68.3029511,33.8,33.8,75,100,24.16
Maragogi,BR,-9.010379799999999,-35.2208051,80.2,80.2,92,79,9.42
Vaini,TO,-21.1935,-175.1751534,78.8,78.8,75,94,2.24
Cape Town,ZA,-33.9248685,18.4240553,60.8,60.8,20,87,10.29
Shima,CN,25.926667,-80.30816,60.8,60.8,75,72,17.9
Ushuaia,AR,-54.8019121,-68.3029511,33.8,33.8,75,100,24.16
Hamilton,BM,39.3995008,-84.5613355,69.8,69.8,20,49,11.41
San Patricio,MX,27.9999695,-97.5247243,87.8,87.8,40,66,11.41
Georgetown,SH,38.9076089,-77.07225849999999,77,77,20,65,17.22
Taolanaro,MG,-25.0225309,46.9853688,,,,,
Ponta Delgada,PT,37.7428301,-25.6805868,66.2,66.2,40,82,5.82
Cabo San Lucas,MX,22.8905327,-109.9167371,91.47,93.2,5,21,4.7
Muscle Shoals,US,34.7448112,-87.66752919999999,68.43,69.8,90,73,17.22
Jamestown,SH,37.2082678,-76.77408969999999,68.05,68.05,64,100,15.79
Ayan,RU,56.45405599999999,138.167328,-16.02,-16.02,0,100,9.19
Petropavlovsk-Kamchatskiy,RU,53.0409109,158.677726,21.2,21.2,75,85,4.47
Tumannyy,RU,68.878911,35.6675264,,,,,
Salalah,OM,17.0506675,54.1065864,80.6,80.6,40,65,2.24
Sao Filipe,CV,14.8951679,-24.4945636,79.16,79.16,0,92,10.65
Kewanee,US,41.2455927,-89.9248303,37.71,41,90,93,12.75
Aasiaat,GL,68.70697659999999,-52.85912219999999,18.14,18.14,0,100,9.86
Vestmannaeyjar,IS,63.437679,-20.267321,28.4,28.4,40,79,12.75
Kapaa,US,22.0881391,-159.3379818,74.5,77,1,78,4.7
Georgetown,SH,38.9076089,-77.07225849999999,77,77,20,65,17.22
Hobart,AU,41.5322592,-87.2550353,59,59,0,77,6.93
Albany,AU,42.6525793,-73.7562317,60.71,60.71,68,91,4.16
Port Alfred,ZA,-33.5864065,26.8851448,62.47,62.47,0,88,6.17
Ambagarh Chauki,IN,20.7776885,80.7477938,69.22,69.22,20,84,3.15
Port Alfred,ZA,-33.5864065,26.8851448,62.47,62.47,0,88,6.17
Senador Canedo,BR,-16.6948713,-49.1019233,73.06,77,75,61,21.92
Khatanga,RU,71.964027,102.4406129,-6.53,-6.53,24,60,11.32
Ust-Tsilma,RU,65.43333299999999,52.15,29.17,29.17,92,91,5.17
Pevek,RU,69.692947,170.399612,25.57,25.57,88,86,15.46
Bluff,NZ,-29.9218618,31.0048384,50.63,50.63,0,100,9.98
Taolanaro,MG,-25.0225309,46.9853688,,,,,
Vardo,NO,70.37063979999999,31.1095471,37.4,37.4,40,69,12.75
Kapaa,US,22.0881391,-159.3379818,74.5,77,1,78,4.7
Dhidhdhoo,MV,6.888643999999999,73.113569,81.32,81.32,12,100,0.81
Mecca,SA,21.3890824,39.8579118,84.2,84.2,0,70,6.93
Jardim,BR,-7.5854261,-39.279294,71.87,71.87,92,100,6.17
Hobart,AU,41.5322592,-87.2550353,59,59,0,77,6.93
Nemuro,JP,43.3300759,145.5827903,40.64,40.64,92,100,15.46
Saskylakh,RU,71.954308,114.1198349,-2.3,-2.3,56,72,7.74
Barrow,US,71.29055559999999,-156.788611,12.2,12.2,90,78,5.61
Attawapiskat,CA,52.9258846,-82.42889219999999,,,,,
Malyye Derbety,RU,47.950428,44.6755603,40.15,40.15,80,91,15.57
Leningradskiy,RU,55.77602770000001,37.6554251,22.87,22.87,92,100,32.57
Longyearbyen,SJ,78.22317220000001,15.6267229,23,23,40,73,13.87
Jamestown,SH,37.2082678,-76.77408969999999,68.05,68.05,64,100,15.79
Sinnamary,GF,5.3746712,-52.9545991,83.8,83.8,0,87,10.2
Tiksi,RU,71.6374819,128.8644717,9.23,9.23,64,84,7.74
Ushuaia,AR,-54.8019121,-68.3029511,33.8,33.8,75,100,24.16
Belushya Guba,RU,71.54555599999999,52.32027799999999,,,,,
Punta Arenas,CL,-53.1638329,-70.9170683,41.32,41.32,36,99,36.04
Awbari,LY,26.5810176,12.7939759,53.69,53.69,12,32,5.73
Tuktoyaktuk,CA,69.445358,-133.034181,3.2,3.2,90,84,9.17
San Nicolas,AR,-33.329762,-60.231171,66.63,68,40,28,9.17
Komsomolskiy,RU,53.2377642,50.844555,51.53,51.53,56,99,10.76
Lloret De Mar,ES,41.7005989,2.8398194,50,50,20,93,6.62
Faanui,PF,-16.5004126,-151.7414904,78.22,78.22,80,100,18.7
Klaksvik,FO,62.2271922,-6.5779064,39.2,39.2,48,69,20.8
Nanortalik,GL,60.1424955,-45.2394951,28.58,28.58,24,98,31.12
Mataura,PF,-46.1934288,168.8660155,,,,,
Port Alfred,ZA,-33.5864065,26.8851448,62.47,62.47,0,88,6.17
Rikitea,PF,-23.119901,-134.9702654,73,73,48,100,18.59
Albany,AU,42.6525793,-73.7562317,60.71,60.71,68,91,4.16
Aykino,RU,62.2174928,49.9813827,32.27,32.27,56,88,14.23
Amderma,RU,69.751221,61.6636961,,,,,
Chagda,RU,58.75177799999999,130.6163939,,,,,
Taolanaro,MG,-25.0225309,46.9853688,,,,,
Ushuaia,AR,-54.8019121,-68.3029511,33.8,33.8,75,100,24.16
Yar-Sale,RU,66.86258699999999,70.854469,16.34,16.34,88,93,9.31
La Ronge,CA,55.10823,-105.285989,8.6,8.6,40,65,12.75
Morro Bay,US,35.3659445,-120.8499924,64.42,66.2,1,45,4.05
Bluff,NZ,-29.9218618,31.0048384,50.63,50.63,0,100,9.98
Aswan,EG,24.088938,32.8998293,82.4,82.4,0,45,5.82
Ejura,GH,7.384720199999999,-1.3589807,75.83,75.83,36,93,2.71
Katsuura,JP,35.152283,140.3209324,46.4,46.4,20,45,20.8
Ushuaia,AR,-54.8019121,-68.3029511,33.8,33.8,75,100,24.16
Byron Bay,AU,-28.6473671,153.601977,62.6,62.6,75,93,4.7
Amderma,RU,69.751221,61.6636961,,,,,
Veselynove,UA,47.355543,31.2376557,37.58,37.58,92,96,5.39
Jamestown,SH,37.2082678,-76.77408969999999,68.05,68.05,64,100,15.79
Kapaa,US,22.0881391,-159.3379818,74.5,77,1,78,4.7
Hermanus,ZA,-34.4092004,19.2504436,63.23,63.23,0,59,3.71
Hermanus,ZA,-34.4092004,19.2504436,63.23,63.23,0,59,3.71
Neuquen,AR,-38.9516784,-68.0591888,77,77,0,36,12.75
Port Alfred,ZA,-33.5864065,26.8851448,62.47,62.47,0,88,6.17
Canoinhas,BR,-26.1887084,-50.5549719,67.69,67.69,92,96,5.84
Banjar,ID,31.6376776,77.34407920000001,78.8,78.8,40,88,3.36
Port Alfred,ZA,-33.5864065,26.8851448,62.47,62.47,0,88,6.17
Yinchuan,CN,38.487193,106.230908,19.76,19.76,56,47,4.38
Ushuaia,AR,-54.8019121,-68.3029511,33.8,33.8,75,100,24.16
Nikolskoye,RU,55.1981604,166.0015368,,,,,
Ribeira Grande,PT,37.8210369,-25.5148137,68,68,75,94,4.7
Comodoro Rivadavia,AR,-45.8656149,-67.4822429,71.6,71.6,75,37,14.99
Voyvozh,RU,62.89578909999999,54.9832081,28.31,28.31,68,91,9.42
Hobart,AU,41.5322592,-87.2550353,59,59,0,77,6.93
Sinnamary,GF,5.3746712,-52.9545991,83.8,83.8,0,87,10.2
Chatellerault,FR,46.816487,0.548146,39.2,39.2,8,86,1.59
Tabulbah,TN,35.6439601,10.9467939,,,,,
Saint-Philippe,RE,-21.358118,55.764656,75.2,75.2,20,78,3.36
Balkanabat,TM,39.5238734,54.3360001,45.23,45.23,68,73,5.5
Dhidhdhoo,MV,6.888643999999999,73.113569,81.32,81.32,12,100,0.81
San Vicente,PH,13.5868561,-88.7493998,79.48,80.6,75,83,3.36
Portoferraio,IT,42.8108565,10.3211801,50.79,51.8,0,76,8.05
Mannargudi,IN,10.6648689,79.45071519999999,74.03,74.03,0,92,2.82
Atar,MR,20.5072923,-13.052978,87.8,87.8,0,19,9.17
Albacete,ES,38.994349,-1.8585424,48.2,48.2,0,45,4.7
Tuktoyaktuk,CA,69.445358,-133.034181,3.2,3.2,90,84,9.17
Rikitea,PF,-23.119901,-134.9702654,73,73,48,100,18.59
Khatanga,RU,71.964027,102.4406129,-6.53,-6.53,24,60,11.32
Hithadhoo,MV,-0.6060574,73.0892245,82.85,82.85,56,100,9.86
Barrow,US,71.29055559999999,-156.788611,12.2,12.2,90,78,5.61
Vaini,TO,-21.1935,-175.1751534,78.8,78.8,75,94,2.24
Ushuaia,AR,-54.8019121,-68.3029511,33.8,33.8,75,100,24.16
Albany,AU,42.6525793,-73.7562317,60.71,60.71,68,91,4.16
Mataura,PF,-46.1934288,168.8660155,,,,,
Palmer,US,39.9117424,-79.91977399999999,40.35,44.6,90,51,3.36
Kidal,ML,18.4520713,1.4096535,73.22,73.22,32,23,4.72
Hobart,AU,41.5322592,-87.2550353,59,59,0,77,6.93
Caravelas,BR,-17.6793494,-39.6105142,77.72,77.72,0,100,11.65
Otane,NZ,-39.8965835,176.6284237,46.9,46.9,92,95,8.63
Lagoa,PT,37.1356176,-8.4514359,68,68,24,97,18.81
Mataura,PF,-46.1934288,168.8660155,,,,,
Tokur,RU,53.1392062,132.8938627,-22.28,-22.28,32,60,1.14
Ushuaia,AR,-54.8019121,-68.3029511,33.8,33.8,75,100,24.16
Hobart,AU,41.5322592,-87.2550353,59,59,0,77,6.93
Bredasdorp,ZA,-34.5385222,20.0568771,62.6,62.6,0,67,13.87
Chumikan,RU,54.708952,135.322998,-6.26,-6.26,12,100,10.87
Clyde River,CA,70.47636500000002,-68.60126509999999,-18.41,-18.41,40,82,2.24
Darnah,LY,32.755613,22.6377432,63.32,63.32,92,100,7.96
Ilulissat,GL,69.2198118,-51.0986031,-5.81,-5.81,20,53,3.36
Airai,PW,7.396611799999999,134.5690225,,,,,
Hermanus,ZA,-34.4092004,19.2504436,63.23,63.23,0,59,3.71
Khatanga,RU,71.964027,102.4406129,-6.53,-6.53,24,60,11.32
Ancud,CL,-41.8675003,-73.8276965,52.52,52.52,92,100,9.19
Gorkovskoye,RU,55.3707826,74.3646985,,,,,
Whitianga,NZ,-36.8218293,175.7004402,60.26,60.26,100,100,30.33
Bardiyah,LY,31.7579946,25.0792189,65.12,65.12,8,100,5.73
Kamina,CD,-8.7368981,24.9872821,75.65,75.65,32,61,4.72
Rikitea,PF,-23.119901,-134.9702654,73,73,48,100,18.59
Severo-Kurilsk,RU,50.66808,156.1138803,37.13,37.13,92,100,34.92
Puerto Ayora,EC,-0.7432918,-90.3156893,78.8,78.8,20,50,16.11
Shimanovsk,RU,51.9969781,127.6855884,-14.63,-14.63,0,64,5.61
Henties Bay,NA,-22.1134964,14.2832038,,,,,
Conakry,GN,9.641185499999999,-13.5784012,82.4,82.4,75,74,6.96
Punta Arenas,CL,-53.1638329,-70.9170683,41.32,41.32,36,99,36.04
Ribeira Grande,PT,37.8210369,-25.5148137,68,68,75,94,4.7
Bluff,NZ,-29.9218618,31.0048384,50.63,50.63,0,100,9.98
Sibu,MY,2.287284,111.830535,77,77,75,94,3.36
Port Alfred,ZA,-33.5864065,26.8851448,62.47,62.47,0,88,6.17
Bredasdorp,ZA,-34.5385222,20.0568771,62.6,62.6,0,67,13.87
Rikitea,PF,-23.119901,-134.9702654,73,73,48,100,18.59
Ushuaia,AR,-54.8019121,-68.3029511,33.8,33.8,75,100,24.16
Punta Arenas,CL,-53.1638329,-70.9170683,41.32,41.32,36,99,36.04
Taoudenni,ML,22.6764132,-3.9789143,71.24,71.24,0,13,8.41
Rikitea,PF,-23.119901,-134.9702654,73,73,48,100,18.59
New Norfolk,AU,-42.7828332,147.0593848,59,59,0,77,6.93
Barrow,US,71.29055559999999,-156.788611,12.2,12.2,90,78,5.61
Zaysan,KZ,47.4701444,84.87529959999999,1.58,1.58,8,54,2.82
Mar Del Plata,AR,-38.0054771,-57.5426106,59,59,40,51,16.11
Taolanaro,MG,-25.0225309,46.9853688,,,,,
Lebu,CL,-37.6097143,-73.6483294,55.49,55.49,0,98,19.26
Rikitea,PF,-23.119901,-134.9702654,73,73,48,100,18.59
Rikitea,PF,-23.119901,-134.9702654,73,73,48,100,18.59
Anand,IN,22.5645175,72.928871,71.6,71.6,0,64,4.7
The Valley,AI,34.1825782,-118.4396756,83.34,84.2,40,78,8.05
Begunitsy,RU,59.58498069999999,29.3183174,35.6,35.6,40,93,4.47
Punta Arenas,CL,-53.1638329,-70.9170683,41.32,41.32,36,99,36.04
Solovetskiy,RU,65.1,35.6969445,,,,,
Longyearbyen,SJ,78.22317220000001,15.6267229,23,23,40,73,13.87
Manica,MZ,-19.5059787,33.438353,,,,,
Ushuaia,AR,-54.8019121,-68.3029511,33.8,33.8,75,100,24.16
Atuona,PF,-9.803279999999999,-139.0425741,79.25,79.25,80,100,15.68
New Norfolk,AU,-42.7828332,147.0593848,59,59,0,77,6.93
Sangar,RU,63.92200099999999,127.4695071,-26.23,-26.23,56,40,4.94
Jurm,AF,36.8667458,70.83502750000001,18.1,18.1,24,94,0.69
Atuona,PF,-9.803279999999999,-139.0425741,79.25,79.25,80,100,15.68
Punta Arenas,CL,-53.1638329,-70.9170683,41.32,41.32,36,99,36.04
Bluff,NZ,-29.9218618,31.0048384,50.63,50.63,0,100,9.98
Kavaratti,IN,10.5593204,72.63581340000002,83.57,83.57,0,100,3.15
Illoqqortoormiut,GL,70.48556909999999,-21.9628757,,,,,
Kapaa,US,22.0881391,-159.3379818,74.5,77,1,78,4.7
Morozovsk,RU,48.34505129999999,41.8264746,39.11,39.11,92,96,10.76
Bluff,NZ,-29.9218618,31.0048384,50.63,50.63,0,100,9.98
Wad Madani,SD,14.393082,33.5392081,,,,,
Mana,GF,54.236107,-4.548056,88.88,88.88,20,61,4.16
Vostok,RU,46.4467186,135.825196,-6.84,-6.84,24,70,3.71
Axim,GH,4.8665091,-2.240888,81.32,81.32,20,100,13
Bluff,NZ,-29.9218618,31.0048384,50.63,50.63,0,100,9.98
