ran_lats,ran_lngs,City Name,Country,Lat,Lng,temp,max_temp,clouds,humidity,wind_speed
86.34640876948467,20.26996046760047,Longyearbyen,SJ,78.22317220000001,15.6267229,23,23,40,73,13.87
30.525634681602725,64.34676645022296,Geresk,AF,31.8299494,64.5681086,,,,,
70.27897984917885,170.52690865366185,Pevek,RU,69.692947,170.399612,25.57,25.57,88,86,15.46
-60.46421729377644,-44.40069501018883,Ushuaia,AR,-54.8019121,-68.3029511,33.8,33.8,75,100,24.16
-79.20901400354404,140.30576051137916,Hobart,AU,41.5322592,-87.2550353,59,59,0,77,6.93
-9.643784896500932,31.391180940695193,Mungwi,ZM,-10.1683268,31.3484448,78.98,78.98,88,30,7.4
-49.435069140687375,4.651801599067909,Cape Town,ZA,-33.9248685,18.4240553,60.8,60.8,20,87,10.29
-47.34981247012828,24.833984047078786,Kruisfontein,ZA,-33.9843356,24.732102,60.94,60.94,0,87,7.96
-4.143676553764678,-56.53306705424386,Itaituba,BR,-4.2670701,-55.99311729999999,93.2,93.2,20,49,5.82
81.71287620272378,0.40445796949049395,Barentsburg,SJ,78.0648475,14.2334597,,,,,
-58.842829929341605,39.323201439358144,Port Alfred,ZA,-33.5864065,26.8851448,62.47,62.47,0,88,6.17
-59.52383046608138,-6.874845523957646,Cape Town,ZA,-33.9248685,18.4240553,60.8,60.8,20,87,10.29
29.478018017165326,17.97221040920553,Waddan,LY,29.1560917,16.1463317,48.11,48.11,8,67,3.15
-63.830973535378874,80.22518185164307,Busselton,AU,-33.6554927,115.3500188,61.12,61.12,76,100,10.87
1.7350541274802538,-62.199848824211244,Boa Vista,BR,16.0950108,-22.8078335,96.8,96.8,40,34,9.17
68.86543938729125,-58.591540647183294,Upernavik,GL,72.7862882,-56.1375527,8.65,8.65,0,100,13.78
57.63479387571641,-46.863051564108076,Nanortalik,GL,60.1424955,-45.2394951,28.58,28.58,24,98,31.12
61.86223869081036,-127.26036980266741,Norman Wells,CA,65.28149379999999,-126.8286524,-5.81,-5.81,90,76,8.05
-42.55966524276873,-7.780455198986601,Jamestown,SH,37.2082678,-76.77408969999999,68.05,68.05,64,100,15.79
23.81532837419128,-113.38189694168658,Constitucion,MX,-33.6022037,-61.0471355,,,,,
7.342388388243748,0.9089259252330351,Amlame,TG,7.456151199999999,0.9032768999999999,77.14,77.14,24,87,3.94
-67.3982931767649,-108.92357312571747,Punta Arenas,CL,-53.1638329,-70.9170683,41.32,41.32,36,99,36.04
21.639504291735804,-90.88737770963323,Celestun,MX,20.8593042,-90.3972052,78.26,78.26,0,100,5.95
-28.854918769629435,76.63594764160183,Bambous Virieux,MU,-20.3438619,57.7636821,77,77,75,83,5.82
66.69769491378955,143.28210690925465,Khonuu,RU,66.455612,143.2225799,,,,,
76.76421684790029,-124.92178294437429,Tuktoyaktuk,CA,69.445358,-133.034181,3.2,3.2,90,84,9.17
-55.012948444023664,177.57014942697867,Dunedin,NZ,-45.8787605,170.5027976,40.01,40.01,0,89,3.38
29.21870663181079,125.48567049027457,Shenjiamen,CN,30.00955429999999,122.1155941,56.39,56.39,56,100,20.15
-67.65980691711567,-68.40938880741282,Ushuaia,AR,-54.8019121,-68.3029511,33.8,33.8,75,100,24.16
33.91881748512529,-38.81596797784968,Ribeira Grande,PT,37.8210369,-25.5148137,68,68,75,94,4.7
-89.13527313834626,68.341537152093,Taolanaro,MG,-25.0225309,46.9853688,,,,,
42.81958512333571,-119.71387856369816,Bend,US,44.0581728,-121.3153096,41.92,42.8,1,44,6.93
-63.18590049326916,57.90826312702097,Taolanaro,MG,-25.0225309,46.9853688,,,,,
-27.07505771857899,-39.693330676301855,Arraial Do Cabo,BR,-22.9657374,-42.02798689999999,83.28,84.2,40,70,27.51
-39.594606690156766,112.66628529508597,Busselton,AU,-33.6554927,115.3500188,61.12,61.12,76,100,10.87
-13.706506350360627,-55.04253689818931,Diamantino,BR,-14.4040989,-56.4370932,82.58,82.58,92,78,8.3
5.5286290406622385,-126.57515547348464,Atuona,PF,-9.803279999999999,-139.0425741,79.25,79.25,80,100,15.68
-28.973813716396144,78.06399932517189,Bambous Virieux,MU,-20.3438619,57.7636821,77,77,75,83,5.82
-66.44617078230853,153.37841017612368,Hobart,AU,41.5322592,-87.2550353,59,59,0,77,6.93
57.14546799400807,-69.9333486919834,Iqaluit,CA,63.74669300000001,-68.5169669,12.2,12.2,75,66,12.75
-72.74670403985033,66.79272889261131,Taolanaro,MG,-25.0225309,46.9853688,,,,,
-25.45330885752476,-98.32168702909561,Pisco,PE,-13.7134562,-76.1841701,68,68,0,77,11.41
11.974172723466154,-127.32295318102354,Constitucion,MX,-33.6022037,-61.0471355,,,,,
8.088276029329904,-16.133948287683353,Conakry,GN,9.641185499999999,-13.5784012,82.4,82.4,75,74,6.96
87.51091526713685,173.16923241600136,Pevek,RU,69.692947,170.399612,25.57,25.57,88,86,15.46
27.72669503571572,-141.08351055615503,Hilo,US,19.7070942,-155.0884869,73.4,73.4,1,69,4.61
-81.00911237127042,-160.3347019304327,Mataura,PF,-46.1934288,168.8660155,,,,,
-0.21485210427719892,-156.686860161212,Faanui,PF,-16.5004126,-151.7414904,78.22,78.22,80,100,18.7
-39.79224891296509,100.10442449358231,Busselton,AU,-33.6554927,115.3500188,61.12,61.12,76,100,10.87
45.84580957210218,-93.76944693102446,Sauk Rapids,US,45.5919097,-94.16610109999999,30.4,33.8,1,55,13.87
-30.1865507793037,24.689792888488938,Colesberg,ZA,-30.6913265,25.0703229,60.08,60.08,0,21,5.95
87.22425856687931,-51.70536603301562,Upernavik,GL,72.7862882,-56.1375527,8.65,8.65,0,100,13.78
-71.72384499547937,121.55958572480563,Albany,AU,42.6525793,-73.7562317,60.71,60.71,68,91,4.16
43.60214678246308,-137.96470928679517,Port Hardy,CA,50.7123867,-127.460393,44.6,44.6,90,87,20.8
37.599986391426896,-167.4309524989846,Kapaa,US,22.0881391,-159.3379818,74.5,77,1,78,4.7
88.56968487327197,-102.72686129729992,Yellowknife,CA,62.4539717,-114.3717887,-7.61,-7.61,75,76,10.29
-61.32529350323779,-82.11508119990506,Punta Arenas,CL,-53.1638329,-70.9170683,41.32,41.32,36,99,36.04
57.98532119198978,-150.63818787468594,Kodiak,US,57.79000000000001,-152.4072221,30.2,30.2,1,74,6.93
55.22083380326811,144.54373179039226,Okha,RU,22.4649185,69.0701995,22.19,22.19,76,99,24.63
19.85683517097378,107.8304426330809,Cam Pha,VN,21.0694762,107.3139304,,,,,
-70.31351388413557,-17.859422978262984,Chuy,UY,30.2177297,-97.84151179999999,61.57,61.57,64,80,22.84
53.05169548771377,36.66189155500655,Mtsensk,RU,53.2889377,36.5801449,33.22,33.22,92,97,8.86
-24.53383922987385,15.379820537204296,Maltahohe,NA,-24.8380587,16.9801346,74.8,74.8,0,10,10.65
-66.32881802079825,45.995658869869914,Port Alfred,ZA,-33.5864065,26.8851448,62.47,62.47,0,88,6.17
-19.352613598794733,-155.3633890115503,Vaitape,PF,-16.5062723,-151.7495305,77.81,77.81,68,100,19.6
-43.04763963085086,139.0242553396924,Portland,AU,45.5230622,-122.6764815,60.89,60.89,0,99,6.51
56.45714064608924,-139.33796725783793,Sitka,US,57.0530556,-135.33,33.28,37.4,90,93,4.7
-15.577350194927831,108.12141415108152,Bambanglipuro,ID,-7.9481229,110.3130087,74.35,74.35,88,96,2.48
-85.25473515117841,143.17657912834613,Hobart,AU,41.5322592,-87.2550353,59,59,0,77,6.93
12.940724890169136,-174.17060001561464,Kapaa,US,22.0881391,-159.3379818,74.5,77,1,78,4.7
-18.79087465596291,73.25458655417324,Grand River South East,MU,-20.2888094,57.78141199999999,,,,,
-46.809238794014306,-71.54902380941095,Coihaique,CL,-45.5712254,-72.068265,52.25,52.25,0,59,9.42
-34.917976589216146,78.949869060362,Bambous Virieux,MU,-20.3438619,57.7636821,77,77,75,83,5.82
-40.90625511294281,-27.25911090092518,Arraial Do Cabo,BR,-22.9657374,-42.02798689999999,83.28,84.2,40,70,27.51
21.620927951719892,-49.588992299721355,Saint-Francois,GP,16.2542635,-61.283115,86,86,92,66,13.87
-67.85886753699583,24.357850792680495,Bredasdorp,ZA,-34.5385222,20.0568771,62.6,62.6,0,67,13.87
-34.32979129712512,-64.1538375823871,Rio Cuarto,AR,-33.1231585,-64.3493441,69.8,69.8,0,28,6.93
55.349239593587754,-115.84685312473172,High Prairie,CA,55.4338723,-116.4877047,26.02,26.02,92,72,6.62
73.64316215950319,-32.90256320770803,Tasiilaq,GL,65.6134561,-37.6335696,15.8,15.8,20,56,4.7
77.02432518102694,159.21867927264833,Cherskiy,RU,68.742677,161.3507839,13.01,13.01,92,88,5.39
-5.393102493340919,-68.10968540258644,Jutai,BR,-4.4008685,-68.52471489999999,92.48,92.48,20,58,4.05
-34.196776093592476,-39.34948117383229,Laguna,BR,-28.4748354,-48.7837539,73.08,73.08,76,91,2.93
13.838421817563443,68.0625794225372,Kavaratti,IN,10.5593204,72.63581340000002,83.57,83.57,0,100,3.15
-6.806300247318376,21.719610888293914,Tshikapa,CD,-6.4237489,20.7956878,71.69,71.69,80,96,2.15
-51.34701905814752,76.96042403835162,Mahebourg,MU,-20.4059505,57.7034222,77,77,75,83,5.82
-67.9713504784854,91.25403350878207,Busselton,AU,-33.6554927,115.3500188,61.12,61.12,76,100,10.87
42.70512658799771,-23.909147508738272,Praia Da Vitoria,PT,38.7339162,-27.0646976,68,68,75,94,16.58
-63.30430577756587,-82.93589536387353,Punta Arenas,CL,-53.1638329,-70.9170683,41.32,41.32,36,99,36.04
40.08209715805535,114.92080308991558,Xuanhua,CN,40.608793,115.099494,17.69,17.69,0,39,4.94
-42.640048146445075,170.27731521547923,Hokitika,NZ,-42.7173686,170.9665427,53.92,53.92,32,100,3.38
20.050809508161635,32.93631862849486,Marawi,SD,8.0106213,124.297718,78.44,78.44,0,36,7.63
36.41788049020211,126.33726576147592,Seoul,KR,37.566535,126.9779692,23.38,26.6,1,85,4.72
46.64089731514363,-69.1241315445882,Notre-Dame-Du-Lac,CA,47.6134613,-68.8002286,,,,,
43.27482884817243,28.77221300887399,Sabla,BG,37.565713,-122.328818,,,,,
9.792645056568077,136.7261436242722,Airai,PW,7.396611799999999,134.5690225,,,,,
84.71484390272505,-106.60241523191746,Yellowknife,CA,62.4539717,-114.3717887,-7.61,-7.61,75,76,10.29
83.2885545926309,45.941007077741915,Belushya Guba,RU,71.54555599999999,52.32027799999999,,,,,
48.01524283975718,167.4256078893157,Nikolskoye,RU,55.1981604,166.0015368,,,,,
-35.430026566473614,-15.723715198157151,Jamestown,SH,37.2082678,-76.77408969999999,68.05,68.05,64,100,15.79
62.92591158744736,-158.34901161879725,Bethel,US,41.3712283,-73.41396209999999,47.19,53.6,90,61,9.17
-60.04672816810346,-148.6890405068886,Mataura,PF,-46.1934288,168.8660155,,,,,
-43.357317192336446,38.01043745176071,East London,ZA,-33.0291582,27.8545867,60.8,60.8,0,72,4.7
-54.231881468562605,152.22675319355182,Hobart,AU,41.5322592,-87.2550353,59,59,0,77,6.93
24.22420788888529,-0.8514177209251841,Taoudenni,ML,22.6764132,-3.9789143,71.24,71.24,0,13,8.41
18.554448314480112,-102.63882251696113,Aguililla,MX,18.7371188,-102.7853522,81.64,81.64,0,55,1.7
-81.05092987427514,-11.773641434906466,Cape Town,ZA,-33.9248685,18.4240553,60.8,60.8,20,87,10.29
66.58231007617889,78.00372153006481,Urengoy,RU,65.957138,78.34486400000002,-3.02,-3.02,48,75,9.19
-58.55047502621399,-126.51986447001349,Rikitea,PF,-23.119901,-134.9702654,73,73,48,100,18.59
30.58588515109122,-25.515965273131826,Vila Franca Do Campo,PT,37.7157269,-25.4345063,66.2,66.2,40,82,5.82
-17.437229468428185,-18.999442233906535,Georgetown,SH,38.9076089,-77.07225849999999,77,77,20,65,17.22
72.13610716924111,26.21794293984769,Honningsvag,NO,70.9822909,25.9702075,32.27,32.27,20,100,8.75
-24.48210539068394,-101.94137636666532,Puerto Ayora,EC,-0.7432918,-90.3156893,78.8,78.8,20,50,16.11
-36.52071731482444,18.847248290795108,Hermanus,ZA,-34.4092004,19.2504436,63.23,63.23,0,59,3.71
-66.8191912894394,57.61985801216548,Taolanaro,MG,-25.0225309,46.9853688,,,,,
1.9728666377559705,141.89750936880586,Vanimo,PG,-2.6896767,141.2998457,83.03,83.03,76,100,15.46
7.493572064307926,73.73572861162572,Dhidhdhoo,MV,6.888643999999999,73.113569,81.32,81.32,12,100,0.81
50.001557324067505,143.3070238664198,Smirnykh,RU,49.7567238,142.8481098,12.56,12.56,24,76,15.01
-59.23561825673004,83.71185403329702,Busselton,AU,-33.6554927,115.3500188,61.12,61.12,76,100,10.87
12.635846647045014,3.6005583745121896,Dosso,NE,13.0504833,3.2080991,87.26,87.26,24,53,1.81
34.51242279014042,48.354907652454216,Tuysarkan,IR,34.5497961,48.4537424,,,,,
51.843081837579774,127.3282804531666,Shimanovsk,RU,51.9969781,127.6855884,-14.63,-14.63,0,64,5.61
23.597503714354033,-29.642337313073625,Ponta Do Sol,CV,32.6854883,-17.0864266,76.69,76.69,0,100,14.34
8.270255762437785,-37.60314858141976,Itarema,BR,-2.9209642,-39.91673979999999,,,,,
33.322400505747154,-125.89551536609414,Pacific Grove,US,36.6177374,-121.9166215,58.93,62.6,1,48,5.82
82.26286484071755,-164.55369572954106,Barrow,US,71.29055559999999,-156.788611,12.2,12.2,90,78,5.61
-24.94968854685571,-64.13498791587264,San Pedro,AR,33.7360619,-118.2922461,62.6,62.6,90,45,17.22
-64.86260699845556,36.66912750434341,Port Alfred,ZA,-33.5864065,26.8851448,62.47,62.47,0,88,6.17
35.550192874045294,-116.34477047602662,Pahrump,US,36.2082943,-115.9839147,52.05,55.4,1,17,6.93
-12.541009603104811,-116.24026960377175,Rikitea,PF,-23.119901,-134.9702654,73,73,48,100,18.59
77.64964220386216,-156.74088309437852,Barrow,US,71.29055559999999,-156.788611,12.2,12.2,90,78,5.61
20.366711362646114,-41.45281249288843,Ponta Do Sol,CV,32.6854883,-17.0864266,76.69,76.69,0,100,14.34
38.92420882211607,104.77903461212236,Yinchuan,CN,38.487193,106.230908,19.76,19.76,56,47,4.38
-79.55543938113045,128.96600256570855,New Norfolk,AU,-42.7828332,147.0593848,59,59,0,77,6.93
5.572385851048324,-82.82768293753749,Burica,PA,4.7228907,-74.1151981,,,,,
63.51606174068385,91.8853503336835,Teya,RU,60.377472,92.651665,13.15,13.15,92,80,3.71
-29.855717406615057,-37.628857878964226,Arraial Do Cabo,BR,-22.9657374,-42.02798689999999,83.28,84.2,40,70,27.51
-80.97444040748033,58.673813409336645,East London,ZA,-33.0291582,27.8545867,60.8,60.8,0,72,4.7
-86.48109072097384,-39.159743243155674,Ushuaia,AR,-54.8019121,-68.3029511,33.8,33.8,75,100,24.16
-36.06737479970384,-90.48837969263057,Lebu,CL,-37.6097143,-73.6483294,55.49,55.49,0,98,19.26
-7.6927323341503495,62.4568995782069,Victoria,SC,28.8052674,-97.0035982,75.2,75.2,75,94,6.93
51.64693391108341,109.03392619317464,Novoilinsk,RU,51.68801149999999,108.7104532,,,,,
56.260520968385094,74.65238195897982,Muromtsevo,RU,55.9318834,40.9077578,25.25,25.25,76,88,9.64
-17.029551214805693,-70.68890757115462,Torata,PE,-17.0759571,-70.8432115,60.89,60.89,0,33,3.15
-27.58552846464147,35.49832160523786,Xai-Xai,MZ,-25.060476,33.6958809,75.2,75.2,0,89,14.23
14.573323698436397,26.430170081852538,Umm Kaddadah,SD,9.944434,30.500191,73.76,73.76,0,30,3.15
-1.4848031709836533,-45.36944288104297,Turiacu,BR,-1.6689743,-45.3687326,85.91,85.91,76,61,10.65
-82.38868919334251,-99.81217748368212,Punta Arenas,CL,-53.1638329,-70.9170683,41.32,41.32,36,99,36.04
22.994523843795605,-68.06625446293424,Cockburn Town,TC,21.4674584,-71.13891009999999,78.85,78.85,36,100,19.37
64.08719563195851,-133.91050892412096,Mayo,CA,53.93458099999999,-9.351645600000001,-25.61,-25.61,20,74,2.59
49.2248923628558,46.600478820524245,Pallasovka,RU,50.0429768,46.88867219999999,30.65,30.65,24,89,9.75
38.61985812367848,-19.056158691558323,Camacha,PT,32.679852,-16.8502879,67.21,68,20,68,5.82
12.397683657240123,-173.56980876781864,Kapaa,US,22.0881391,-159.3379818,74.5,77,1,78,4.7
42.82816743087625,-134.79428896499633,North Bend,US,47.4956579,-121.7867775,46.4,46.4,1,75,6.93
0.9616129953340362,110.6360649266822,Kuching,MY,1.6076812,110.3785438,75.2,75.2,75,94,2.24
64.58361828456773,-95.13211871967526,Thompson,CA,33.6454798,-117.6413112,10.4,10.4,90,66,17.22
-62.89303454007867,55.38264620940558,Taolanaro,MG,-25.0225309,46.9853688,,,,,
-58.58447709778578,170.35064935158084,Bluff,NZ,-29.9218618,31.0048384,50.63,50.63,0,100,9.98
69.2787585690038,142.74283113034033,Deputatskiy,RU,69.30260299999999,139.9583829,-12.38,-12.38,64,74,2.93
-71.82614205773997,34.06284402236125,Port Elizabeth,ZA,-33.7139247,25.5207358,59,59,0,82,3.36
19.31488856877209,-114.92058353227597,Cabo San Lucas,MX,22.8905327,-109.9167371,91.47,93.2,5,21,4.7
-44.892372178280944,137.14948863052604,Portland,AU,45.5230622,-122.6764815,60.89,60.89,0,99,6.51
83.88698619958188,137.21785325054884,Nizhneyansk,RU,71.450058,136.1122279,,,,,
-20.91243846242648,-29.771909359469845,Caravelas,BR,-17.6793494,-39.6105142,77.72,77.72,0,100,11.65
8.672714556740132,-158.5818173672758,Hilo,US,19.7070942,-155.0884869,73.4,73.4,1,69,4.61
-15.217813251738306,103.25084966187387,Palabuhanratu,ID,-6.9852341,106.5475399,,,,,
-75.88763184611308,31.814053838181394,Port Elizabeth,ZA,-33.7139247,25.5207358,59,59,0,82,3.36
57.57974567754158,-13.696446573404529,Westport,IE,41.1414717,-73.3579049,42.8,42.8,75,100,3.36
55.71895217683726,-154.18327735385716,Kodiak,US,57.79000000000001,-152.4072221,30.2,30.2,1,74,6.93
-47.65911077044339,-82.25793742841176,Castro,CL,34.4985047,-102.3463875,51.35,51.35,92,100,8.97
-21.436429899905505,-17.962025532566514,Jamestown,SH,37.2082678,-76.77408969999999,68.05,68.05,64,100,15.79
-75.12563992850443,12.348399234471032,Hermanus,ZA,-34.4092004,19.2504436,63.23,63.23,0,59,3.71
89.50793075094066,124.71909951003573,Tiksi,RU,71.6374819,128.8644717,9.23,9.23,64,84,7.74
-62.093548343249175,-18.818898666605236,Cidreira,BR,-30.1768543,-50.2089307,75.02,75.02,88,79,10.2
77.49434010087262,-27.844521587663166,Illoqqortoormiut,GL,70.48556909999999,-21.9628757,,,,,
-72.18262106238198,-179.54436683225953,Vaini,TO,-21.1935,-175.1751534,78.8,78.8,75,94,2.24
66.32505761797754,143.2754994953167,Khonuu,RU,66.455612,143.2225799,,,,,
-54.74064630628805,91.71478625886812,Busselton,AU,-33.6554927,115.3500188,61.12,61.12,76,100,10.87
-27.56892294525545,27.91360718247131,Heilbron,ZA,-27.2819782,27.9834738,60.26,60.26,24,49,7.18
-58.30665537928668,-140.69843318839554,Rikitea,PF,-23.119901,-134.9702654,73,73,48,100,18.59
70.58140137618406,-21.621169570600046,Illoqqortoormiut,GL,70.48556909999999,-21.9628757,,,,,
43.82397518901763,151.64237278994682,Sentyabrskiy,RU,60.493056,72.19638909999999,,,,,
-30.53653795863041,134.29333126073647,Flinders,AU,-38.474,145.022,53.6,53.6,48,100,4.7
30.61831130544536,-33.764702814345185,Ribeira Grande,PT,37.8210369,-25.5148137,68,68,75,94,4.7
-87.4334862967788,90.96390375687338,Albany,AU,42.6525793,-73.7562317,60.71,60.71,68,91,4.16
86.38688431704767,157.3535782268841,Cherskiy,RU,68.742677,161.3507839,13.01,13.01,92,88,5.39
88.261323872064,138.35009654376125,Nizhneyansk,RU,71.450058,136.1122279,,,,,
-50.10653432726487,92.91342915397979,Busselton,AU,-33.6554927,115.3500188,61.12,61.12,76,100,10.87
71.11625345955696,91.1221947129244,Talnakh,RU,69.5,88.39999999999999,-16.25,-16.25,36,95,3.15
-23.722193917264164,-164.39276045475333,Avarua,CK,-21.2129007,-159.7823059,78.8,78.8,40,78,11.41
30.88514254535673,-37.14271549322834,Ribeira Grande,PT,37.8210369,-25.5148137,68,68,75,94,4.7
-1.0777114377956565,-106.05526682776103,Puerto Ayora,EC,-0.7432918,-90.3156893,78.8,78.8,20,50,16.11
83.41986458993495,97.13056584641294,Khatanga,RU,71.964027,102.4406129,-6.53,-6.53,24,60,11.32
27.215244968266305,-157.23789122609838,Kapaa,US,22.0881391,-159.3379818,74.5,77,1,78,4.7
-67.24594180211045,132.05135376431792,New Norfolk,AU,-42.7828332,147.0593848,59,59,0,77,6.93
-53.41430088321777,159.51507862775134,Tuatapere,NZ,-46.1357909,167.6892231,46.27,46.27,80,100,4.61
-72.25470422864073,126.32711005294112,New Norfolk,AU,-42.7828332,147.0593848,59,59,0,77,6.93
30.599031650239567,-51.95550617789735,Saint George,BM,37.0965278,-113.5684164,69.8,69.8,20,49,11.41
-68.58607325248798,-26.281663066926797,Mar Del Plata,AR,-38.0054771,-57.5426106,59,59,40,51,16.11
-71.29932417128023,-166.2926630888682,Avarua,CK,-21.2129007,-159.7823059,78.8,78.8,40,78,11.41
62.21362784676094,103.05113963457552,Vanavara,RU,60.3394104,102.2965426,-12.69,-12.69,76,78,3.15
-47.02769073369847,-68.9149414488731,Comodoro Rivadavia,AR,-45.8656149,-67.4822429,71.6,71.6,75,37,14.99
-67.59057684710302,69.24461138342261,Taolanaro,MG,-25.0225309,46.9853688,,,,,
-2.3346635556031856,140.23633628939342,Vanimo,PG,-2.6896767,141.2998457,83.03,83.03,76,100,15.46
-60.34970427833764,59.31766363374595,Taolanaro,MG,-25.0225309,46.9853688,,,,,
-33.424125763702875,-62.07506329332102,Venado Tuerto,AR,-33.7455566,-61.9690161,71.15,71.15,0,32,17.81
79.58833510959332,16.297997344087605,Longyearbyen,SJ,78.22317220000001,15.6267229,23,23,40,73,13.87
-40.23087319969684,-178.48051655529164,Vaini,TO,-21.1935,-175.1751534,78.8,78.8,75,94,2.24
82.96288196100826,18.96679867326199,Longyearbyen,SJ,78.22317220000001,15.6267229,23,23,40,73,13.87
-27.681382597348815,-19.79637502444234,Jamestown,SH,37.2082678,-76.77408969999999,68.05,68.05,64,100,15.79
69.30598442861609,-137.7082600778518,Aklavik,CA,68.219916,-135.0077881,3.97,5,90,84,4.7
87.44445269791203,125.8327829366466,Tiksi,RU,71.6374819,128.8644717,9.23,9.23,64,84,7.74
1.2124421302614934,-128.95937457565873,Atuona,PF,-9.803279999999999,-139.0425741,79.25,79.25,80,100,15.68
77.44716630947838,-18.537042444224994,Illoqqortoormiut,GL,70.48556909999999,-21.9628757,,,,,
20.738588010291508,-5.973038855117522,Taoudenni,ML,22.6764132,-3.9789143,71.24,71.24,0,13,8.41
-16.725216209557317,-78.09780056341208,Marcona,PE,-15.3439659,-75.0844757,,,,,
-36.239045480777705,21.328787233151502,Bredasdorp,ZA,-34.5385222,20.0568771,62.6,62.6,0,67,13.87
43.316086197096524,24.380840535759205,Dolni Dabnik,BG,43.408835,24.442316,,,,,
-14.835156319195008,179.1205679864396,Asau,TV,46.4399466,26.400959,,,,,
-41.86576775267562,-97.9614578136732,Ancud,CL,-41.8675003,-73.8276965,52.52,52.52,92,100,9.19
-18.908529496992358,86.99324008404994,Bengkulu,ID,-3.5778471,102.3463875,78.62,78.62,76,100,6.85
-8.01070791373877,115.32114271350923,Singaraja,ID,-8.1149145,115.0916254,78.8,78.8,40,88,3.36
15.29667731980659,80.60199263848386,Vetapalem,IN,15.785336,80.3073826,80.24,80.24,8,99,5.95
24.402552229421616,123.60433816783211,Ishigaki,JP,24.3406606,124.1555804,73.27,73.27,64,100,30.33
8.808309247828333,-99.46000203940139,Puerto Escondido,MX,15.8719795,-97.0767365,82.4,82.4,0,100,3.38
18.23548392240029,171.7942478617922,Butaritari,KI,3.1166667,172.8,83.44,83.44,0,100,1.14
-14.106946389486978,-120.79622008752636,Rikitea,PF,-23.119901,-134.9702654,73,73,48,100,18.59
58.57741999431454,-24.99993129317548,Grindavik,IS,63.8441808,-22.4383818,27.97,30.2,75,92,5.82
9.898919539208208,33.7561656839255,Asosa,ET,10.0619827,34.5473005,70.16,70.16,12,61,4.61
81.0308875484937,-75.12094318719355,Qaanaaq,GL,77.4670434,-69.2284827,-3.02,-3.02,32,100,10.76
-19.979615040035597,156.43755133011274,Bundaberg,AU,-24.8669736,152.3509714,71.33,71.33,80,100,11.99
46.044517174307316,55.274984318344764,Beyneu,KZ,45.3222362,55.181848,23.27,23.27,0,82,7.4
51.55538914437173,26.06458179737791,Zarichne,UA,51.81818939999999,26.1255724,34.25,34.25,80,99,6.62
5.219756707274115,-101.48504207282996,Puerto Escondido,MX,15.8719795,-97.0767365,82.4,82.4,0,100,3.38
42.45069796654468,-147.75988494591002,Kodiak,US,57.79000000000001,-152.4072221,30.2,30.2,1,74,6.93
-69.76124322452685,-54.58089451524657,Ushuaia,AR,-54.8019121,-68.3029511,33.8,33.8,75,100,24.16
25.6768194922996,61.81161101154137,Jiwani,PK,25.0472733,61.74587589999999,66.79,66.79,0,61,11.1
-74.24542880395148,41.61777188180051,Port Alfred,ZA,-33.5864065,26.8851448,62.47,62.47,0,88,6.17
-22.595553219805325,-1.9082633255685266,Jamestown,SH,37.2082678,-76.77408969999999,68.05,68.05,64,100,15.79
67.5025970243122,-120.72550364964619,Norman Wells,CA,65.28149379999999,-126.8286524,-5.81,-5.81,90,76,8.05
39.268396969208084,103.25513186870415,Jinchang,CN,38.520089,102.188043,17.47,17.47,64,74,5.61
-87.88789735094745,-95.91023917254527,Punta Arenas,CL,-53.1638329,-70.9170683,41.32,41.32,36,99,36.04
39.947056137925955,75.00006962431482,Kashi,CN,25.3176452,82.9739144,35.6,35.6,0,47,11.18
4.306484770404396,-76.07804833444824,Zarzal,CO,4.394865000000001,-76.07285399999999,79.65,80.6,40,61,2.59
-60.572047834957374,178.28737291920447,Kaitangata,NZ,-46.28334,169.8470967,,,,,
86.27481545088673,8.192243043564304,Barentsburg,SJ,78.0648475,14.2334597,,,,,
63.07656653519933,-73.39441648700209,Iqaluit,CA,63.74669300000001,-68.5169669,12.2,12.2,75,66,12.75
71.27315550481583,-84.02907558495286,Clyde River,CA,70.47636500000002,-68.60126509999999,-18.41,-18.41,40,82,2.24
48.81795350784387,9.869356138689398,Heubach,DE,48.7932273,9.931607,37.92,39.2,75,89,5.82
-42.570995775475524,3.78735339652539,Cape Town,ZA,-33.9248685,18.4240553,60.8,60.8,20,87,10.29
63.04323784938279,-75.52052807943468,Iqaluit,CA,63.74669300000001,-68.5169669,12.2,12.2,75,66,12.75
-41.49976435002937,-102.35685198196363,Ancud,CL,-41.8675003,-73.8276965,52.52,52.52,92,100,9.19
77.5202555923349,-59.688080100129866,Upernavik,GL,72.7862882,-56.1375527,8.65,8.65,0,100,13.78
-88.90631058993326,-51.40848324076322,Ushuaia,AR,-54.8019121,-68.3029511,33.8,33.8,75,100,24.16
-61.86937797259033,84.07647219707707,Busselton,AU,-33.6554927,115.3500188,61.12,61.12,76,100,10.87
37.247618458093825,-139.08358185665483,Fortuna,US,40.5981867,-124.1572756,51.15,53.6,1,70,9.17
-85.42904826653462,127.9985110829416,New Norfolk,AU,-42.7828332,147.0593848,59,59,0,77,6.93
43.4454060179888,-57.70957966979485,Louisbourg,CA,45.89219019999999,-59.9855516,,,,,
25.04709916135944,-0.936529192066331,Adrar,DZ,27.9716342,-0.1869644,64.4,64.4,0,25,9.17
7.602652850336696,-59.52025100648639,Mabaruma,GY,8.2041293,-59.7775773,88.25,88.25,24,67,8.97
34.172292931302906,36.318647803744085,Yabrud,SY,33.9717649,36.6579649,60.8,60.8,0,29,6.93
58.36736835101544,91.04888954728915,Yeniseysk,RU,58.45010000000001,92.1867687,25.38,25.38,92,97,4.94
74.15618592652146,37.1203448192675,Tumannyy,RU,68.878911,35.6675264,,,,,
-8.18345808764974,-50.794524122334565,Conceicao Do Araguaia,BR,-8.1774335,-49.4466005,91.27,91.27,20,64,4.38
-11.89454412380745,78.60781304638647,Hithadhoo,MV,-0.6060574,73.0892245,82.85,82.85,56,100,9.86
-23.551258426503068,-114.37000853016511,Rikitea,PF,-23.119901,-134.9702654,73,73,48,100,18.59
-49.35974785663466,-177.64814494710126,Vaini,TO,-21.1935,-175.1751534,78.8,78.8,75,94,2.24
81.50192640731237,-30.772877689015985,Illoqqortoormiut,GL,70.48556909999999,-21.9628757,,,,,
28.618415817267504,42.552737126935,Buraydah,SA,26.3592309,43.98181200000001,71.6,71.6,40,33,5.82
60.71572107171562,80.71234978205717,Kargasok,RU,59.0535405,80.8770602,29.48,29.48,88,94,5.17
75.74791590039473,113.76230264127702,Saskylakh,RU,71.954308,114.1198349,-2.3,-2.3,56,72,7.74
-45.13195275064276,136.56487670274004,Mount Gambier,AU,-37.8284212,140.7803529,57.47,57.47,0,87,3.38
68.36331476725329,-127.53595072612964,Norman Wells,CA,65.28149379999999,-126.8286524,-5.81,-5.81,90,76,8.05
-29.148076081998525,-17.095673299100156,Jamestown,SH,37.2082678,-76.77408969999999,68.05,68.05,64,100,15.79
-70.29488269485357,-179.09720798045674,Vaini,TO,-21.1935,-175.1751534,78.8,78.8,75,94,2.24
2.2220203705539916,-48.099888706497666,Amapa,BR,0.9019925,-52.0029565,,,,,
36.582478869808256,9.604195734067957,Quballat,TN,36.542694,9.664763599999999,57.2,57.2,20,71,6.93
58.758407136946886,-94.48359936179071,Thompson,CA,33.6454798,-117.6413112,10.4,10.4,90,66,17.22
48.64066880269172,-166.39241574396016,Bethel,US,41.3712283,-73.41396209999999,47.19,53.6,90,61,9.17
-56.437753259737434,-85.47296055639353,Punta Arenas,CL,-53.1638329,-70.9170683,41.32,41.32,36,99,36.04
-16.98511365463726,105.92737751430712,Kawalu,ID,-7.410349200000001,108.2021667,66.07,66.07,76,98,1.14
-20.754413885876048,1.0618124579617358,Jamestown,SH,37.2082678,-76.77408969999999,68.05,68.05,64,100,15.79
-32.30273393532274,127.07031551672992,Esperance,AU,-33.8608027,121.8896205,59.77,59.77,8,98,3.27
67.25377391962206,111.06474945013724,Aykhal,RU,65.94171899999999,111.4881131,-14.49,-14.49,56,62,2.93
-31.102080224711692,162.03582011736876,Ballina,AU,-28.8379654,153.5629067,68.77,68.77,92,100,12.88
-55.14838031540043,-22.221651387085814,Cidreira,BR,-30.1768543,-50.2089307,75.02,75.02,88,79,10.2
-21.41152221487546,10.942653985195932,Henties Bay,NA,-22.1134964,14.2832038,,,,,
-14.437189648906141,63.446771937736884,Grand Gaube,MU,-20.014212,57.6694082,77,77,75,83,5.82
7.474071778399292,149.00971837896998,Lorengau,PG,-2.0349854,147.279039,83.62,83.62,32,100,6.96
-3.058464936637222,103.66837940051602,Prabumulih,ID,-3.4213707,104.2436833,,,,,
12.6174853292666,-49.86234471456876,Sinnamary,GF,5.3746712,-52.9545991,83.8,83.8,0,87,10.2
24.340644625212533,-27.30245673775582,Ponta Do Sol,CV,32.6854883,-17.0864266,76.69,76.69,0,100,14.34
-45.58627541900515,-160.4817602222564,Avarua,CK,-21.2129007,-159.7823059,78.8,78.8,40,78,11.41
-68.17545593790042,118.2915780265289,Albany,AU,42.6525793,-73.7562317,60.71,60.71,68,91,4.16
6.264933206891925,23.462061613993228,Rafai,CF,4.9801882,23.941751,69.04,69.04,76,100,2.59
73.89643297503989,-48.77991294462524,Ilulissat,GL,69.2198118,-51.0986031,-5.81,-5.81,20,53,3.36
-31.234865534702855,-152.1631816003833,Mataura,PF,-46.1934288,168.8660155,,,,,
5.619969330413014,-101.3059761084408,Puerto Escondido,MX,15.8719795,-97.0767365,82.4,82.4,0,100,3.38
62.451743823059275,153.89690491657245,Seymchan,RU,62.930833,152.385,-21.73,-21.73,20,100,2.59
15.037404650839989,12.372936763001405,Diffa,NE,13.3132472,12.6158803,82.94,82.94,0,27,6.73
42.99557562823449,38.841099795917074,Gornoye Loo,RU,43.7166783,39.6074848,50,50,20,81,3.38
-83.99906898776148,-0.7533354516264978,Hermanus,ZA,-34.4092004,19.2504436,63.23,63.23,0,59,3.71
70.1727216641047,-74.01097214932987,Clyde River,CA,70.47636500000002,-68.60126509999999,-18.41,-18.41,40,82,2.24
-11.261141866728778,41.12146779721584,Madimba,TZ,-4.9846384,15.133205,78.8,78.8,20,83,11.41
-23.755404809249995,168.21777548853055,Vao,NC,58.9387999,25.9720999,70.16,70.16,88,100,11.21
-21.322715180957076,35.65851648850776,Beira,MZ,-19.7963816,34.8844867,75.2,75.2,75,78,5.82
27.95571231838494,48.909723691632735,Bayan,KW,53.3005702,-6.1854106,62.6,62.6,0,72,8.3
10.54412105420235,22.878524454396313,Birao,CF,10.2933091,22.7822485,84.11,84.11,56,44,3.6
49.56025090531483,99.48712334062134,Moron,MN,39.5249615,-111.5904725,-5.67,-5.67,12,50,6.85
0.6447454095326037,173.60310127031465,Tabiauea,KI,0.9182079999999999,173.027965,,,,,
67.21637114863424,135.53234677866078,Batagay,RU,67.66251299999999,134.65435,-20.66,-20.66,76,59,4.16
67.80899061585953,-125.83769053688675,Norman Wells,CA,65.28149379999999,-126.8286524,-5.81,-5.81,90,76,8.05
-12.260317219344572,-71.51674929803943,Paucartambo,PE,-10.7599544,-75.737149,,,,,
57.695775644671016,53.90365873927399,Kez,RU,57.903389,53.715125,30.79,30.79,76,88,14.9
-60.57688094312411,39.065687995531505,Port Alfred,ZA,-33.5864065,26.8851448,62.47,62.47,0,88,6.17
18.82579835333405,147.8791353619444,Airai,PW,7.396611799999999,134.5690225,,,,,
39.78012202055311,29.293508579344888,Inegol,TR,40.0800822,29.5096969,,,,,
-70.85642705336012,53.6682441468877,East London,ZA,-33.0291582,27.8545867,60.8,60.8,0,72,4.7
39.7650218024888,-155.49973734981268,Kapaa,US,22.0881391,-159.3379818,74.5,77,1,78,4.7
3.3990936235502573,-138.16506105512804,Atuona,PF,-9.803279999999999,-139.0425741,79.25,79.25,80,100,15.68
29.346557560576457,-79.18579169640344,Merritt Island,US,28.3180688,-80.6659842,78.8,80.6,1,47,3.36
-30.25417006076775,73.37216085991261,Bambous Virieux,MU,-20.3438619,57.7636821,77,77,75,83,5.82
86.39442353809821,32.01450451769051,Berlevag,NO,70.7198284,29.0300862,33.04,33.04,92,100,7.52
-36.84101049042583,174.6799438356419,North Shore,NZ,49.3199816,-123.0724139,55.4,55.4,92,87,9.17
39.830292908417505,173.8676202272435,Nikolskoye,RU,55.1981604,166.0015368,,,,,
-23.1483067124137,-59.19999504266089,Pozo Colorado,PY,-23.4954946,-58.7931723,,,,,
-19.11135646291399,30.91706334987572,Mvuma,ZW,-19.2773694,30.525031,62.24,62.24,88,95,5.73
-9.964391326251558,-134.35286687208674,Atuona,PF,-9.803279999999999,-139.0425741,79.25,79.25,80,100,15.68
-77.1718140827378,98.8584671094111,Albany,AU,42.6525793,-73.7562317,60.71,60.71,68,91,4.16
-86.12854716660532,64.43867289570196,Taolanaro,MG,-25.0225309,46.9853688,,,,,
-88.68161879533295,-146.69856072417633,Mataura,PF,-46.1934288,168.8660155,,,,,
7.8121294939368795,168.8687913540703,Butaritari,KI,3.1166667,172.8,83.44,83.44,0,100,1.14
-78.52866230028951,-133.27663642832545,Rikitea,PF,-23.119901,-134.9702654,73,73,48,100,18.59
45.00497711384611,-29.780972892978923,Lagoa,PT,37.1356176,-8.4514359,68,68,24,97,18.81
-15.447122692604466,-1.737931169596294,Jamestown,SH,37.2082678,-76.77408969999999,68.05,68.05,64,100,15.79
43.88159998356247,159.31060063347417,Severo-Kurilsk,RU,50.66808,156.1138803,37.13,37.13,92,100,34.92
-49.44113305202777,-137.77431717208063,Rikitea,PF,-23.119901,-134.9702654,73,73,48,100,18.59
16.511277130840156,-105.81600622026028,San Patricio,MX,27.9999695,-97.5247243,87.8,87.8,40,66,11.41
35.08777857179987,-66.36485579444538,Saint George,BM,37.0965278,-113.5684164,69.8,69.8,20,49,11.41
50.85163061550227,-79.03680974407911,Moose Factory,CA,51.262486,-80.59296499999999,,,,,
-52.1761018495788,-116.73708891340314,Rikitea,PF,-23.119901,-134.9702654,73,73,48,100,18.59
-64.47563802175365,-13.196250472750592,Cape Town,ZA,-33.9248685,18.4240553,60.8,60.8,20,87,10.29
22.478429205729938,-141.97528308345574,Hilo,US,19.7070942,-155.0884869,73.4,73.4,1,69,4.61
-56.399184932701885,107.92740595745965,Albany,AU,42.6525793,-73.7562317,60.71,60.71,68,91,4.16
-74.91621306061458,-22.687978111508045,Ushuaia,AR,-54.8019121,-68.3029511,33.8,33.8,75,100,24.16
-30.706558090403753,117.13557343478743,Northam,AU,-31.6525301,116.6654836,57.2,57.2,0,87,2.24
58.51729137883635,123.48187221952043,Aldan,RU,39.9215013,-75.2879631,-16.25,-16.25,44,68,2.59
-78.80304188808705,174.3857302612904,Bluff,NZ,-29.9218618,31.0048384,50.63,50.63,0,100,9.98
-16.728667536799378,-103.89307716906742,Puerto Ayora,EC,-0.7432918,-90.3156893,78.8,78.8,20,50,16.11
-30.64780021198107,-152.71688977225304,Mataura,PF,-46.1934288,168.8660155,,,,,
53.28337035688955,-142.66896961689247,Sitka,US,57.0530556,-135.33,33.28,37.4,90,93,4.7
-85.1141832628486,-173.84094893131953,Vaini,TO,-21.1935,-175.1751534,78.8,78.8,75,94,2.24
63.821378286990324,-38.10794512979896,Tasiilaq,GL,65.6134561,-37.6335696,15.8,15.8,20,56,4.7
-66.95308689672211,49.70811039334123,East London,ZA,-33.0291582,27.8545867,60.8,60.8,0,72,4.7
72.96438001284946,-14.526405901467712,Husavik,IS,66.0449706,-17.3383442,19.4,19.4,40,85,4.7
49.57202581802781,151.32667808624888,Vostok,RU,46.4467186,135.825196,-6.84,-6.84,24,70,3.71
3.7996401286425225,-31.55204763326597,Touros,BR,-5.1961669,-35.4635381,84.7,84.7,0,65,14.79
34.22457278717664,29.326481087376237,Lardos,GR,36.0941745,28.0162191,59,59,40,87,2.24
58.87741014296202,45.0748834992134,Georgiyevskoye,RU,44.1626242,39.2497974,32.99,32.99,88,88,8.75
-61.055591500219464,-34.515345531505915,Mar Del Plata,AR,-38.0054771,-57.5426106,59,59,40,51,16.11
-74.03158349179796,-50.41239294914811,Ushuaia,AR,-54.8019121,-68.3029511,33.8,33.8,75,100,24.16
-13.868257949191374,-27.96694036955742,Maragogi,BR,-9.010379799999999,-35.2208051,80.2,80.2,92,79,9.42
-84.07236213380128,-175.10354800996924,Vaini,TO,-21.1935,-175.1751534,78.8,78.8,75,94,2.24
-42.10738202652988,12.979053052614006,Cape Town,ZA,-33.9248685,18.4240553,60.8,60.8,20,87,10.29
24.328570957056016,117.89993362320621,Shima,CN,25.926667,-80.30816,60.8,60.8,75,72,17.9
-63.665468615686294,-69.60977709290697,Ushuaia,AR,-54.8019121,-68.3029511,33.8,33.8,75,100,24.16
32.21438986770099,-69.58455669096803,Hamilton,BM,39.3995008,-84.5613355,69.8,69.8,20,49,11.41
17.836169228245325,-106.29663197725229,San Patricio,MX,27.9999695,-97.5247243,87.8,87.8,40,66,11.41
-3.797058087426919,-11.145022526252149,Georgetown,SH,38.9076089,-77.07225849999999,77,77,20,65,17.22
-58.9941917789613,54.847772498139335,Taolanaro,MG,-25.0225309,46.9853688,,,,,
30.525229521872546,-28.579093360247356,Ponta Delgada,PT,37.7428301,-25.6805868,66.2,66.2,40,82,5.82
10.600884372946837,-123.21696155019293,Cabo San Lucas,MX,22.8905327,-109.9167371,91.47,93.2,5,21,4.7
34.64433065367402,-87.35077311278394,Muscle Shoals,US,34.7448112,-87.66752919999999,68.43,69.8,90,73,17.22
-34.692598139421406,-15.900692881322726,Jamestown,SH,37.2082678,-76.77408969999999,68.05,68.05,64,100,15.79
58.39654845300913,137.87980420492147,Ayan,RU,56.45405599999999,138.167328,-16.02,-16.02,0,100,9.19
49.040966354405754,163.2866340273892,Petropavlovsk-Kamchatskiy,RU,53.0409109,158.677726,21.2,21.2,75,85,4.47
77.3928268527794,37.56216758820926,Tumannyy,RU,68.878911,35.6675264,,,,,
11.01974667793921,59.908922539243235,Salalah,OM,17.0506675,54.1065864,80.6,80.6,40,65,2.24
10.652405627269616,-30.743089019941294,Sao Filipe,CV,14.8951679,-24.4945636,79.16,79.16,0,92,10.65
41.16073971214743,-89.97294825400597,Kewanee,US,41.2455927,-89.9248303,37.71,41,90,93,12.75
68.85173487628234,-52.448898721188016,Aasiaat,GL,68.70697659999999,-52.85912219999999,18.14,18.14,0,100,9.86
54.700769578436024,-21.915493933582468,Vestmannaeyjar,IS,63.437679,-20.267321,28.4,28.4,40,79,12.75
38.82562003089055,-156.2444908945328,Kapaa,US,22.0881391,-159.3379818,74.5,77,1,78,4.7
-2.233757204281318,-16.41451684760125,Georgetown,SH,38.9076089,-77.07225849999999,77,77,20,65,17.22
-87.78325442645577,131.70371960724805,Hobart,AU,41.5322592,-87.2550353,59,59,0,77,6.93
-40.7624483198737,116.31647023025556,Albany,AU,42.6525793,-73.7562317,60.71,60.71,68,91,4.16
-87.21667789951103,48.198765923599524,Port Alfred,ZA,-33.5864065,26.8851448,62.47,62.47,0,88,6.17
20.06041358649196,80.73900718483782,Ambagarh Chauki,IN,20.7776885,80.7477938,69.22,69.22,20,84,3.15
-75.01509401301377,47.367316973736564,Port Alfred,ZA,-33.5864065,26.8851448,62.47,62.47,0,88,6.17
-16.83872896168205,-49.12445301044548,Senador Canedo,BR,-16.6948713,-49.1019233,73.06,77,75,61,21.92
78.12942033769082,104.21322601986549,Khatanga,RU,71.964027,102.4406129,-6.53,-6.53,24,60,11.32
66.85165079136871,50.74003475664716,Ust-Tsilma,RU,65.43333299999999,52.15,29.17,29.17,92,91,5.17
87.26830622542244,172.46645444788584,Pevek,RU,69.692947,170.399612,25.57,25.57,88,86,15.46
-81.34382950920195,168.14317269242474,Bluff,NZ,-29.9218618,31.0048384,50.63,50.63,0,100,9.98
-50.438981019795335,52.54059698159787,Taolanaro,MG,-25.0225309,46.9853688,,,,,
86.08834797520072,38.358576261690814,Vardo,NO,70.37063979999999,31.1095471,37.4,37.4,40,69,12.75
32.764707206363184,-176.65938234057774,Kapaa,US,22.0881391,-159.3379818,74.5,77,1,78,4.7
7.51157213924175,69.32086158139427,Dhidhdhoo,MV,6.888643999999999,73.113569,81.32,81.32,12,100,0.81
23.339070609847212,41.622584111640464,Mecca,SA,21.3890824,39.8579118,84.2,84.2,0,70,6.93
3.4588687698438036,-34.103202017611835,Jardim,BR,-7.5854261,-39.279294,71.87,71.87,92,100,6.17
-87.5052792954746,143.0184798106195,Hobart,AU,41.5322592,-87.2550353,59,59,0,77,6.93
39.63545014974483,148.2407961844943,Nemuro,JP,43.3300759,145.5827903,40.64,40.64,92,100,15.46
79.24212612903287,110.21660409938835,Saskylakh,RU,71.954308,114.1198349,-2.3,-2.3,56,72,7.74
78.9345388784134,-161.75111491148172,Barrow,US,71.29055559999999,-156.788611,12.2,12.2,90,78,5.61
57.21547062936753,-79.98849621567282,Attawapiskat,CA,52.9258846,-82.42889219999999,,,,,
48.17672404938955,44.609275493487814,Malyye Derbety,RU,47.950428,44.6755603,40.15,40.15,80,91,15.57
72.841279455152,175.82314090644428,Leningradskiy,RU,55.77602770000001,37.6554251,22.87,22.87,92,100,32.57
79.19863416894913,22.456247188962976,Longyearbyen,SJ,78.22317220000001,15.6267229,23,23,40,73,13.87
-12.374352886358267,2.3792226456953074,Jamestown,SH,37.2082678,-76.77408969999999,68.05,68.05,64,100,15.79
18.805221805477714,-43.63848537702188,Sinnamary,GF,5.3746712,-52.9545991,83.8,83.8,0,87,10.2
82.93186356662727,123.04096227980602,Tiksi,RU,71.6374819,128.8644717,9.23,9.23,64,84,7.74
-76.70533833020163,-66.26742691477592,Ushuaia,AR,-54.8019121,-68.3029511,33.8,33.8,75,100,24.16
79.90776589839206,47.56852590014083,Belushya Guba,RU,71.54555599999999,52.32027799999999,,,,,
-59.041279857972995,-88.29289462763501,Punta Arenas,CL,-53.1638329,-70.9170683,41.32,41.32,36,99,36.04
28.465367410734984,10.10081569498837,Awbari,LY,26.5810176,12.7939759,53.69,53.69,12,32,5.73
79.76323865699632,-137.0583614023517,Tuktoyaktuk,CA,69.445358,-133.034181,3.2,3.2,90,84,9.17
-33.50504800761753,-60.23161567082039,San Nicolas,AR,-33.329762,-60.231171,66.63,68,40,28,9.17
80.84058568136572,174.4959682674217,Komsomolskiy,RU,53.2377642,50.844555,51.53,51.53,56,99,10.76
41.46921883708967,3.0238965019094906,Lloret De Mar,ES,41.7005989,2.8398194,50,50,20,93,6.62
-14.989965426603789,-156.86335993178088,Faanui,PF,-16.5004126,-151.7414904,78.22,78.22,80,100,18.7
79.97657286409535,-5.043329397148824,Klaksvik,FO,62.2271922,-6.5779064,39.2,39.2,48,69,20.8
54.75591757469496,-38.482837155595945,Nanortalik,GL,60.1424955,-45.2394951,28.58,28.58,24,98,31.12
-87.06815172630694,-151.56241548758464,Mataura,PF,-46.1934288,168.8660155,,,,,
-67.49614326286408,42.18735045454761,Port Alfred,ZA,-33.5864065,26.8851448,62.47,62.47,0,88,6.17
-72.84958688618318,-130.78822564363017,Rikitea,PF,-23.119901,-134.9702654,73,73,48,100,18.59
-74.41963359160657,119.86357706809633,Albany,AU,42.6525793,-73.7562317,60.71,60.71,68,91,4.16
62.45290615552574,50.131331694076806,Aykino,RU,62.2174928,49.9813827,32.27,32.27,56,88,14.23
80.78784562563041,68.93129767695731,Amderma,RU,69.751221,61.6636961,,,,,
56.46756245344281,130.44406109434556,Chagda,RU,58.75177799999999,130.6163939,,,,,
-51.14080740288371,62.98713444377711,Taolanaro,MG,-25.0225309,46.9853688,,,,,
-73.72237123935187,-66.59869578310239,Ushuaia,AR,-54.8019121,-68.3029511,33.8,33.8,75,100,24.16
71.28568497946975,73.17653360596154,Yar-Sale,RU,66.86258699999999,70.854469,16.34,16.34,88,93,9.31
61.0585050408412,-105.84817382043967,La Ronge,CA,55.10823,-105.285989,8.6,8.6,40,65,12.75
33.624093458519155,-123.74406719736723,Morro Bay,US,35.3659445,-120.8499924,64.42,66.2,1,45,4.05
-74.93421402564825,171.82460257501378,Bluff,NZ,-29.9218618,31.0048384,50.63,50.63,0,100,9.98
22.061535977775762,33.56441241317691,Aswan,EG,24.088938,32.8998293,82.4,82.4,0,45,5.82
7.651558395136817,-1.1855863900846657,Ejura,GH,7.384720199999999,-1.3589807,75.83,75.83,36,93,2.71
23.40961108536277,149.85233422375586,Katsuura,JP,35.152283,140.3209324,46.4,46.4,20,45,20.8
-73.84054793492626,-66.2738951226871,Ushuaia,AR,-54.8019121,-68.3029511,33.8,33.8,75,100,24.16
-29.078791678536632,156.9047081637396,Byron Bay,AU,-28.6473671,153.601977,62.6,62.6,75,93,4.7
78.64799928251986,63.398331378028246,Amderma,RU,69.751221,61.6636961,,,,,
47.40847774919109,31.191198681527823,Veselynove,UA,47.355543,31.2376557,37.58,37.58,92,96,5.39
-16.930987625070173,-3.5591752626274626,Jamestown,SH,37.2082678,-76.77408969999999,68.05,68.05,64,100,15.79
14.56802980872284,-179.86450410141896,Kapaa,US,22.0881391,-159.3379818,74.5,77,1,78,4.7
-60.220547431343306,9.399561769609022,Hermanus,ZA,-34.4092004,19.2504436,63.23,63.23,0,59,3.71
-81.76602835110566,-8.352921772408564,Hermanus,ZA,-34.4092004,19.2504436,63.23,63.23,0,59,3.71
-39.07738773550183,-68.06473238816018,Neuquen,AR,-38.9516784,-68.0591888,77,77,0,36,12.75
-83.09216215891496,46.32423380615171,Port Alfred,ZA,-33.5864065,26.8851448,62.47,62.47,0,88,6.17
-26.314319260998325,-50.588493358253714,Canoinhas,BR,-26.1887084,-50.5549719,67.69,67.69,92,96,5.84
-7.738541081160648,106.92240050643727,Banjar,ID,31.6376776,77.34407920000001,78.8,78.8,40,88,3.36
-53.21781658182583,31.567123135841854,Port Alfred,ZA,-33.5864065,26.8851448,62.47,62.47,0,88,6.17
37.25910318572832,106.92446946699386,Yinchuan,CN,38.487193,106.230908,19.76,19.76,56,47,4.38
-84.24440543513444,-43.94408711508643,Ushuaia,AR,-54.8019121,-68.3029511,33.8,33.8,75,100,24.16
41.10731885692363,176.62618919218858,Nikolskoye,RU,55.1981604,166.0015368,,,,,
27.1515948068933,-44.484978152706134,Ribeira Grande,PT,37.8210369,-25.5148137,68,68,75,94,4.7
-46.57045354032091,-67.12074425615229,Comodoro Rivadavia,AR,-45.8656149,-67.4822429,71.6,71.6,75,37,14.99
62.60376637436471,54.420400859303385,Voyvozh,RU,62.89578909999999,54.9832081,28.31,28.31,68,91,9.42
-51.56858757757016,145.2623918330499,Hobart,AU,41.5322592,-87.2550353,59,59,0,77,6.93
10.869063134474814,-49.6768378014722,Sinnamary,GF,5.3746712,-52.9545991,83.8,83.8,0,87,10.2
46.90895821065533,0.7875858416665835,Chatellerault,FR,46.816487,0.548146,39.2,39.2,8,86,1.59
35.727093248653176,12.160589208640005,Tabulbah,TN,35.6439601,10.9467939,,,,,
-59.35293083405901,72.85117795730193,Saint-Philippe,RE,-21.358118,55.764656,75.2,75.2,20,78,3.36
40.68099811226617,52.8597937467793,Balkanabat,TM,39.5238734,54.3360001,45.23,45.23,68,73,5.5
7.924352697631235,73.09212508082715,Dhidhdhoo,MV,6.888643999999999,73.113569,81.32,81.32,12,100,0.81
18.99116043689328,123.2555647734348,San Vicente,PH,13.5868561,-88.7493998,79.48,80.6,75,83,3.36
42.019599097157965,10.33763331628191,Portoferraio,IT,42.8108565,10.3211801,50.79,51.8,0,76,8.05
10.613278854193922,79.41275940863966,Mannargudi,IN,10.6648689,79.45071519999999,74.03,74.03,0,92,2.82
18.5323905621795,-11.069352382665528,Atar,MR,20.5072923,-13.052978,87.8,87.8,0,19,9.17
38.91192727501095,-1.9144008958377299,Albacete,ES,38.994349,-1.8585424,48.2,48.2,0,45,4.7
83.66554379141641,-120.01765914604779,Tuktoyaktuk,CA,69.445358,-133.034181,3.2,3.2,90,84,9.17
-46.375117757097065,-139.1138395606779,Rikitea,PF,-23.119901,-134.9702654,73,73,48,100,18.59
87.75552338024306,108.31855106224435,Khatanga,RU,71.964027,102.4406129,-6.53,-6.53,24,60,11.32
-6.180923572173185,81.94948625974325,Hithadhoo,MV,-0.6060574,73.0892245,82.85,82.85,56,100,9.86
89.90754146335951,-168.88900136954143,Barrow,US,71.29055559999999,-156.788611,12.2,12.2,90,78,5.61
-61.65496530777568,-172.08216136498302,Vaini,TO,-21.1935,-175.1751534,78.8,78.8,75,94,2.24
-88.95813597083226,-40.68646602062833,Ushuaia,AR,-54.8019121,-68.3029511,33.8,33.8,75,100,24.16
-73.09874104873603,121.84840732000345,Albany,AU,42.6525793,-73.7562317,60.71,60.71,68,91,4.16
-51.637228129251625,-150.54342688140576,Mataura,PF,-46.1934288,168.8660155,,,,,
59.04530935292914,-145.29375664492113,Palmer,US,39.9117424,-79.91977399999999,40.35,44.6,90,51,3.36
19.703215627437345,3.2507083415182194,Kidal,ML,18.4520713,1.4096535,73.22,73.22,32,23,4.72
-88.25334017245626,139.68185815747086,Hobart,AU,41.5322592,-87.2550353,59,59,0,77,6.93
-19.23127955749993,-28.78761770345116,Caravelas,BR,-17.6793494,-39.6105142,77.72,77.72,0,100,11.65
-42.479831540781326,179.21454971452653,Otane,NZ,-39.8965835,176.6284237,46.9,46.9,92,95,8.63
46.7587722429312,-27.291591016316943,Lagoa,PT,37.1356176,-8.4514359,68,68,24,97,18.81
-45.78391716687081,-156.83760559508374,Mataura,PF,-46.1934288,168.8660155,,,,,
54.646410232716335,133.08653333564047,Tokur,RU,53.1392062,132.8938627,-22.28,-22.28,32,60,1.14
-65.33762389231929,-53.58024263165602,Ushuaia,AR,-54.8019121,-68.3029511,33.8,33.8,75,100,24.16
-78.5077099182581,139.5993206215187,Hobart,AU,41.5322592,-87.2550353,59,59,0,77,6.93
-64.77986249019048,18.59003040034844,Bredasdorp,ZA,-34.5385222,20.0568771,62.6,62.6,0,67,13.87
57.00862660374381,134.4617688720653,Chumikan,RU,54.708952,135.322998,-6.26,-6.26,12,100,10.87
70.07795474912655,-67.47650788580957,Clyde River,CA,70.47636500000002,-68.60126509999999,-18.41,-18.41,40,82,2.24
32.13896458429812,21.95258400677082,Darnah,LY,32.755613,22.6377432,63.32,63.32,92,100,7.96
79.20451118280889,-42.5268791191026,Ilulissat,GL,69.2198118,-51.0986031,-5.81,-5.81,20,53,3.36
10.476038285583527,138.92959691404315,Airai,PW,7.396611799999999,134.5690225,,,,,
-76.16769578623513,1.2335059672930981,Hermanus,ZA,-34.4092004,19.2504436,63.23,63.23,0,59,3.71
69.67341510425297,104.8451773338216,Khatanga,RU,71.964027,102.4406129,-6.53,-6.53,24,60,11.32
-41.553550948582135,-104.65009260977949,Ancud,CL,-41.8675003,-73.8276965,52.52,52.52,92,100,9.19
55.51975596282293,74.47667588850922,Gorkovskoye,RU,55.3707826,74.3646985,,,,,
-35.89113161996576,176.36666617311135,Whitianga,NZ,-36.8218293,175.7004402,60.26,60.26,100,100,30.33
30.685664716981606,24.65155586481643,Bardiyah,LY,31.7579946,25.0792189,65.12,65.12,8,100,5.73
-10.01483471352806,24.230778118726846,Kamina,CD,-8.7368981,24.9872821,75.65,75.65,32,61,4.72
-52.56098911446376,-139.85485947937482,Rikitea,PF,-23.119901,-134.9702654,73,73,48,100,18.59
47.54127407947445,159.50865855192546,Severo-Kurilsk,RU,50.66808,156.1138803,37.13,37.13,92,100,34.92
-9.600105522396149,-109.05641860748098,Puerto Ayora,EC,-0.7432918,-90.3156893,78.8,78.8,20,50,16.11
51.46538817696785,127.47039456533071,Shimanovsk,RU,51.9969781,127.6855884,-14.63,-14.63,0,64,5.61
-22.568861295057445,10.130307722058063,Henties Bay,NA,-22.1134964,14.2832038,,,,,
8.303247341274755,-15.924010450013867,Conakry,GN,9.641185499999999,-13.5784012,82.4,82.4,75,74,6.96
-62.800471390945724,-87.03712848764442,Punta Arenas,CL,-53.1638329,-70.9170683,41.32,41.32,36,99,36.04
38.66285292658799,-35.85235151554642,Ribeira Grande,PT,37.8210369,-25.5148137,68,68,75,94,4.7
-77.02055427192983,174.46826258503967,Bluff,NZ,-29.9218618,31.0048384,50.63,50.63,0,100,9.98
5.996895798410236,109.03421792368863,Sibu,MY,2.287284,111.830535,77,77,75,94,3.36
-89.90838240374914,42.03351724752241,Port Alfred,ZA,-33.5864065,26.8851448,62.47,62.47,0,88,6.17
-88.23402674749508,23.845304712132787,Bredasdorp,ZA,-34.5385222,20.0568771,62.6,62.6,0,67,13.87
-25.911588170925867,-136.61477160110178,Rikitea,PF,-23.119901,-134.9702654,73,73,48,100,18.59
-83.06700037665559,-75.23391156022105,Ushuaia,AR,-54.8019121,-68.3029511,33.8,33.8,75,100,24.16
-85.40213179919094,-109.8242050176884,Punta Arenas,CL,-53.1638329,-70.9170683,41.32,41.32,36,99,36.04
24.545032813158073,-5.492076911563089,Taoudenni,ML,22.6764132,-3.9789143,71.24,71.24,0,13,8.41
-49.04788027141032,-119.38905751382771,Rikitea,PF,-23.119901,-134.9702654,73,73,48,100,18.59
-80.48658174931205,130.05815132169454,New Norfolk,AU,-42.7828332,147.0593848,59,59,0,77,6.93
84.95970310985851,-164.09095748998962,Barrow,US,71.29055559999999,-156.788611,12.2,12.2,90,78,5.61
47.3493103488706,85.00373851064535,Zaysan,KZ,47.4701444,84.87529959999999,1.58,1.58,8,54,2.82
-56.8591754557223,-44.63855662466264,Mar Del Plata,AR,-38.0054771,-57.5426106,59,59,40,51,16.11
-75.69411837775696,71.85544505369842,Taolanaro,MG,-25.0225309,46.9853688,,,,,
-36.96392171726368,-84.07766265625855,Lebu,CL,-37.6097143,-73.6483294,55.49,55.49,0,98,19.26
-52.79084953615028,-119.64334634837357,Rikitea,PF,-23.119901,-134.9702654,73,73,48,100,18.59
-34.07484503607494,-105.38462801790243,Rikitea,PF,-23.119901,-134.9702654,73,73,48,100,18.59
22.49233840585501,73.02587021278993,Anand,IN,22.5645175,72.928871,71.6,71.6,0,64,4.7
21.63713998420873,-60.744855296972716,The Valley,AI,34.1825782,-118.4396756,83.34,84.2,40,78,8.05
59.627562987794505,29.356052514195227,Begunitsy,RU,59.58498069999999,29.3183174,35.6,35.6,40,93,4.47
-83.3776484670451,-97.2161087890771,Punta Arenas,CL,-53.1638329,-70.9170683,41.32,41.32,36,99,36.04
65.76413308361202,36.95752413021333,Solovetskiy,RU,65.1,35.6969445,,,,,
79.44745259351319,22.37971952058379,Longyearbyen,SJ,78.22317220000001,15.6267229,23,23,40,73,13.87
-18.563655549503082,33.2989865858267,Manica,MZ,-19.5059787,33.438353,,,,,
-79.09094378329968,-39.28456960133087,Ushuaia,AR,-54.8019121,-68.3029511,33.8,33.8,75,100,24.16
7.017854278275109,-125.78465866691039,Atuona,PF,-9.803279999999999,-139.0425741,79.25,79.25,80,100,15.68
-76.62918632999495,127.95656560550589,New Norfolk,AU,-42.7828332,147.0593848,59,59,0,77,6.93
64.14749438763943,128.9897788724051,Sangar,RU,63.92200099999999,127.4695071,-26.23,-26.23,56,40,4.94
37.410902397632555,71.25886830313212,Jurm,AF,36.8667458,70.83502750000001,18.1,18.1,24,94,0.69
-8.952482901278216,-117.80130409877424,Atuona,PF,-9.803279999999999,-139.0425741,79.25,79.25,80,100,15.68
-57.84536604894989,-90.37196696901793,Punta Arenas,CL,-53.1638329,-70.9170683,41.32,41.32,36,99,36.04
-78.30160106932306,174.07106399145312,Bluff,NZ,-29.9218618,31.0048384,50.63,50.63,0,100,9.98
8.500583907075821,68.37661072619241,Kavaratti,IN,10.5593204,72.63581340000002,83.57,83.57,0,100,3.15
77.30319429353437,-32.345778625607466,Illoqqortoormiut,GL,70.48556909999999,-21.9628757,,,,,
35.1743530450821,-154.43960690732422,Kapaa,US,22.0881391,-159.3379818,74.5,77,1,78,4.7
48.262989810496265,41.99854792678326,Morozovsk,RU,48.34505129999999,41.8264746,39.11,39.11,92,96,10.76
-67.64526518022485,157.25181404557202,Bluff,NZ,-29.9218618,31.0048384,50.63,50.63,0,100,9.98
14.471219636242196,34.78718595490432,Wad Madani,SD,14.393082,33.5392081,,,,,
8.711504999688074,-53.5905412984543,Mana,GF,54.236107,-4.548056,88.88,88.88,20,61,4.16
47.81423904063246,150.0010989348782,Vostok,RU,46.4467186,135.825196,-6.84,-6.84,24,70,3.71
-3.4221018369526917,-3.300173336625079,Axim,GH,4.8665091,-2.240888,81.32,81.32,20,100,13
-85.4081381017824,161.83066509733015,Bluff,NZ,-29.9218618,31.0048384,50.63,50.63,0,100,9.98
